1	5	Glutamatergic Neuron	3	-	0.9827927
2	5	Glutamatergic Neuron	3	-	0.9445903
3	5	Glutamatergic Neuron	3	-	0.8299232
4	5	Glutamatergic Neuron	3	-	0.4659458
5	5	Glutamatergic Neuron	3	-	0.9863798
6	5	Glutamatergic Neuron	3	-	0.4984136
7	5	Glutamatergic Neuron	3	-	0.9579488
8	5	Glutamatergic Neuron	3	-	0.5825964
9	5	Glutamatergic Neuron	3	-	0.4857383
10	5	Glutamatergic Neuron	3	-	0.9661617
11	5	Glutamatergic Neuron	3	-	0.9412866
12	5	Glutamatergic Neuron	3	-	0.9842624
13	5	Glutamatergic Neuron	3	-	0.9878354
14	5	Glutamatergic Neuron	3	-	0.4374804
15	5	Glutamatergic Neuron	3	-	0.5166724
16	5	Glutamatergic Neuron	3	-	0.4773824
17	5	Glutamatergic Neuron	3	-	0.4851421
18	5	Glutamatergic Neuron	3	-	0.4459563
19	4	GABA-ergic Neuron	2	-	0.9456345
20	8	GABA-ergic Neuron	2	-	0.5136477
21	8	GABA-ergic Neuron	2	-	0.5921459
22	2	GABA-ergic Neuron	2	-	0.9987519
23	2	Glutamatergic Neuron	3	-	0.9818961
24	2	GABA-ergic Neuron	2	-	0.9869103
25	2	Glutamatergic Neuron	3	-	0.9398406
26	6	Glutamatergic Neuron	3	-	0.9688262
27	6	GABA-ergic Neuron	2	-	0.7988650
28	4	Glutamatergic Neuron	3	-	0.9995271
29	6	GABA-ergic Neuron	2	-	0.9299730
30	2	GABA-ergic Neuron	2	-	0.7329277
31	2	GABA-ergic Neuron	2	-	0.9398701
32	2	Glutamatergic Neuron	3	-	0.9867510
33	2	GABA-ergic Neuron	2	-	0.8911321
34	2	Glutamatergic Neuron	3	-	0.9989735
35	2	GABA-ergic Neuron	2	-	0.8636042
36	2	Glutamatergic Neuron	3	-	0.9998069
37	2	GABA-ergic Neuron	2	-	0.9392335
38	2	Glutamatergic Neuron	3	-	0.8241760
39	2	Glutamatergic Neuron	3	-	0.7316799
40	2	GABA-ergic Neuron	2	-	0.9891120
41	4	Glutamatergic Neuron	3	-	0.6220106
42	2	Glutamatergic Neuron	3	-	0.6857754
43	6	GABA-ergic Neuron	2	-	0.7151577
44	6	GABA-ergic Neuron	2	-	0.5101158
45	2	Glutamatergic Neuron	3	-	0.8469328
46	6	Oligodendrocyte.3	7	-	0.6712739
47	6	Endothelial Cell	1	-	0.4533673
48	6	Glutamatergic Neuron	3	-	0.8563255
49	8	Astrocyte	0	-	0.5440835
50	6	GABA-ergic Neuron	2	-	0.8442778
51	2	Glutamatergic Neuron	3	-	0.6596575
52	6	Glutamatergic Neuron	3	-	0.8103908
53	2	Astrocyte	0	-	0.7877091
54	4	Glutamatergic Neuron	3	-	0.9777634
55	4	Glutamatergic Neuron	3	-	0.5295712
56	2	GABA-ergic Neuron	2	-	0.5602466
57	6	GABA-ergic Neuron	2	-	0.9932509
58	6	GABA-ergic Neuron	2	-	0.8410790
59	2	Glutamatergic Neuron	3	-	0.9805958
60	2	GABA-ergic Neuron	2	-	0.9196353
61	2	GABA-ergic Neuron	2	-	0.9851187
62	2	GABA-ergic Neuron	2	-	0.9930748
63	2	Astrocyte	0	-	0.6363874
64	4	Glutamatergic Neuron	3	-	0.9962437
65	6	GABA-ergic Neuron	2	-	0.7441822
66	4	GABA-ergic Neuron	2	-	0.9995325
67	7	GABA-ergic Neuron	2	-	0.9807070
68	6	Glutamatergic Neuron	3	-	0.9970284
69	2	Glutamatergic Neuron	3	-	0.8611902
70	2	Glutamatergic Neuron	3	-	0.8871560
71	8	GABA-ergic Neuron	2	-	0.6626724
72	9	Glutamatergic Neuron	3	-	0.9994413
73	1	Glutamatergic Neuron	3	-	0.9965366
74	1	Glutamatergic Neuron	3	-	0.8984189
75	1	Glutamatergic Neuron	3	-	0.9642842
76	5	Glutamatergic Neuron	3	-	0.9246400
77	5	Glutamatergic Neuron	3	-	0.7092391
78	5	Glutamatergic Neuron	3	-	0.8179658
79	5	Glutamatergic Neuron	3	-	0.5708286
80	1	Glutamatergic Neuron	3	-	0.9864890
81	1	Glutamatergic Neuron	3	-	0.8976599
82	3	Glutamatergic Neuron	3	-	0.9234054
83	1	Glutamatergic Neuron	3	-	0.8356852
84	1	Glutamatergic Neuron	3	-	0.9991015
85	3	Glutamatergic Neuron	3	-	0.9343035
86	3	Glutamatergic Neuron	3	-	0.9529738
87	3	Glutamatergic Neuron	3	-	0.9684978
88	3	Glutamatergic Neuron	3	-	0.9583109
89	1	Glutamatergic Neuron	3	-	0.9788182
90	1	Glutamatergic Neuron	3	-	0.9380851
91	8	Oligodendrocyte.2	6	-	0.3271605
92	3	GABA-ergic Neuron	2	-	0.6173717
93	3	Glutamatergic Neuron	3	-	0.6172748
94	8	Astrocyte	0	-	0.7398927
95	5	Astrocyte	0	-	0.7630141
96	5	Oligodendrocyte.2	6	-	0.3092980
97	3	Microglia	4	-	0.3122125
98	5	GABA-ergic Neuron	2	-	0.2982124
99	8	Glutamatergic Neuron	3	-	0.8854552
100	1	Astrocyte	0	-	0.8683978
101	8	Glutamatergic Neuron	3	-	0.8870435
102	8	GABA-ergic Neuron	2	-	0.9000425
103	1	Glutamatergic Neuron	3	-	0.6351178
104	5	GABA-ergic Neuron	2	-	0.5085824
105	8	GABA-ergic Neuron	2	-	0.5009485
106	8	Glutamatergic Neuron	3	-	0.5772317
107	8	Glutamatergic Neuron	3	-	0.5675544
108	6	Glutamatergic Neuron	3	-	0.8411040
109	5	Microglia	4	-	0.5855390
110	5	GABA-ergic Neuron	2	-	0.9770428
111	3	Glutamatergic Neuron	3	-	0.9491224
112	1	Glutamatergic Neuron	3	-	0.9477987
113	1	Glutamatergic Neuron	3	-	0.6822660
114	2	Glutamatergic Neuron	3	-	0.9994440
115	1	GABA-ergic Neuron	2	-	0.9415276
116	1	Glutamatergic Neuron	3	-	0.9968975
117	1	Glutamatergic Neuron	3	-	0.5262909
118	1	GABA-ergic Neuron	2	-	0.9025974
119	1	GABA-ergic Neuron	2	-	0.9877986
120	1	Glutamatergic Neuron	3	-	0.8242107
121	1	GABA-ergic Neuron	2	-	0.7598359
122	8	Microglia	4	-	0.5117977
123	1	Glutamatergic Neuron	3	-	0.9917141
124	1	Glutamatergic Neuron	3	-	0.8998172
125	5	Glutamatergic Neuron	3	-	0.5683398
126	1	Glutamatergic Neuron	3	-	0.8907034
127	5	Glutamatergic Neuron	3	-	0.8446711
128	1	Glutamatergic Neuron	3	-	0.7280628
129	9	Glutamatergic Neuron	3	-	0.9903177
130	9	Microglia	4	-	0.5085434
131	9	GABA-ergic Neuron	2	-	0.8087290
132	9	Glutamatergic Neuron	3	-	0.9990962
133	4	GABA-ergic Neuron	2	-	0.8214338
134	7	Glutamatergic Neuron	3	-	0.9922833
135	6	Astrocyte	0	-	0.6001617
136	6	GABA-ergic Neuron	2	-	0.5593686
137	9	Glutamatergic Neuron	3	-	0.7238661
138	6	GABA-ergic Neuron	2	-	0.8704628
139	9	Glutamatergic Neuron	3	-	0.9998731
140	2	GABA-ergic Neuron	2	-	0.7494970
141	7	Glutamatergic Neuron	3	-	0.7853065
142	7	Glutamatergic Neuron	3	-	0.9990019
143	8	Glutamatergic Neuron	3	-	0.9613613
144	9	Glutamatergic Neuron	3	-	0.9981051
145	6	GABA-ergic Neuron	2	-	0.9975629
146	4	GABA-ergic Neuron	2	-	0.5873419
147	6	Glutamatergic Neuron	3	-	0.9872547
148	7	GABA-ergic Neuron	2	-	0.8561032
149	7	Glutamatergic Neuron	3	-	0.8151769
150	7	Glutamatergic Neuron	3	-	0.9995692
151	6	GABA-ergic Neuron	2	-	0.9867559
152	6	Glutamatergic Neuron	3	-	0.9315174
153	4	Glutamatergic Neuron	3	-	0.9994382
154	6	Glutamatergic Neuron	3	-	0.9951858
155	7	Glutamatergic Neuron	3	-	0.7423288
156	7	Glutamatergic Neuron	3	-	0.8662612
157	6	GABA-ergic Neuron	2	-	0.9991836
158	6	Glutamatergic Neuron	3	-	0.6943923
159	6	GABA-ergic Neuron	2	-	0.8416895
160	6	Glutamatergic Neuron	3	-	0.9914987
161	6	GABA-ergic Neuron	2	-	0.9544163
162	6	GABA-ergic Neuron	2	-	0.8149503
163	6	Glutamatergic Neuron	3	-	0.7014614
164	6	GABA-ergic Neuron	2	-	0.7723167
165	6	Glutamatergic Neuron	3	-	0.5048043
166	6	GABA-ergic Neuron	2	-	0.6586314
167	6	GABA-ergic Neuron	2	-	0.9911701
168	6	Astrocyte	0	-	0.9698464
169	6	Glutamatergic Neuron	3	-	0.8294006
170	6	Glutamatergic Neuron	3	-	0.9881327
171	6	Glutamatergic Neuron	3	-	0.9213623
172	6	GABA-ergic Neuron	2	-	0.5770672
173	6	GABA-ergic Neuron	2	-	0.5474681
174	6	GABA-ergic Neuron	2	-	0.9748617
175	2	GABA-ergic Neuron	2	-	0.8060044
176	2	GABA-ergic Neuron	2	-	0.9549434
177	2	GABA-ergic Neuron	2	-	0.8005119
178	2	GABA-ergic Neuron	2	-	0.6977932
179	2	Glutamatergic Neuron	3	-	0.9915600
180	2	GABA-ergic Neuron	2	-	0.8075731
181	2	GABA-ergic Neuron	2	-	0.9673313
182	2	GABA-ergic Neuron	2	-	0.9955012
183	2	Glutamatergic Neuron	3	-	0.5946703
184	6	GABA-ergic Neuron	2	-	0.6592231
185	6	Glutamatergic Neuron	3	-	0.6849720
186	6	Glutamatergic Neuron	3	-	0.8735525
187	6	GABA-ergic Neuron	2	-	0.5066936
188	6	GABA-ergic Neuron	2	-	0.8081053
189	6	GABA-ergic Neuron	2	-	0.6873860
190	4	Glutamatergic Neuron	3	-	0.9981751
191	2	Glutamatergic Neuron	3	-	0.8705145
192	2	Glutamatergic Neuron	3	-	0.9114945
193	6	GABA-ergic Neuron	2	-	0.9817330
194	6	GABA-ergic Neuron	2	-	0.9808639
195	6	GABA-ergic Neuron	2	-	0.7190153
196	6	GABA-ergic Neuron	2	-	0.9842481
197	6	Astrocyte	0	-	0.4065224
198	2	Glutamatergic Neuron	3	-	0.9242563
199	4	Glutamatergic Neuron	3	-	0.9774855
200	2	Glutamatergic Neuron	3	-	0.9284744
201	6	Endothelial Cell	1	-	0.5902081
202	6	Glutamatergic Neuron	3	-	0.5111614
203	6	GABA-ergic Neuron	2	-	0.8207327
204	6	GABA-ergic Neuron	2	-	0.3502005
205	4	GABA-ergic Neuron	2	-	0.5519861
206	2	GABA-ergic Neuron	2	-	0.8050383
207	2	Astrocyte	0	-	0.9232309
208	2	Glutamatergic Neuron	3	-	0.9823251
209	2	Glutamatergic Neuron	3	-	0.9950967
210	2	Glutamatergic Neuron	3	-	0.7635916
211	2	GABA-ergic Neuron	2	-	0.9925554
212	6	Glutamatergic Neuron	3	-	0.9255398
213	6	Glutamatergic Neuron	3	-	0.9864311
214	6	GABA-ergic Neuron	2	-	0.7499141
215	6	GABA-ergic Neuron	2	-	0.6766011
216	2	GABA-ergic Neuron	2	-	0.3832143
217	2	Glutamatergic Neuron	3	-	0.9654031
218	2	GABA-ergic Neuron	2	-	0.9989951
219	2	Glutamatergic Neuron	3	-	0.9608234
220	6	GABA-ergic Neuron	2	-	0.9884584
221	2	GABA-ergic Neuron	2	-	0.6007369
222	2	GABA-ergic Neuron	2	-	0.7689651
223	4	Glutamatergic Neuron	3	-	0.9044580
224	4	Glutamatergic Neuron	3	-	0.9966003
225	4	Glutamatergic Neuron	3	-	0.9949951
226	4	Glutamatergic Neuron	3	-	0.9849404
227	4	GABA-ergic Neuron	2	-	0.5358306
228	4	Glutamatergic Neuron	3	-	0.9976282
229	4	Glutamatergic Neuron	3	-	0.8913920
230	6	Glutamatergic Neuron	3	-	0.7791007
231	2	Glutamatergic Neuron	3	-	0.5543077
232	2	GABA-ergic Neuron	2	-	0.9980749
233	2	GABA-ergic Neuron	2	-	0.5937059
234	4	Astrocyte	0	-	0.5391327
235	4	Glutamatergic Neuron	3	-	0.9964230
236	2	Glutamatergic Neuron	3	-	0.7853481
237	2	GABA-ergic Neuron	2	-	0.8933545
238	2	Astrocyte	0	-	0.6271580
239	2	GABA-ergic Neuron	2	-	0.9716356
240	6	Glutamatergic Neuron	3	-	0.7389141
241	2	Glutamatergic Neuron	3	-	0.8413607
242	4	Glutamatergic Neuron	3	-	0.7886174
243	2	Glutamatergic Neuron	3	-	0.7591734
244	7	Microglia	4	-	0.7998312
245	4	Glutamatergic Neuron	3	-	0.9993523
246	2	Glutamatergic Neuron	3	-	0.9587383
247	5	Glutamatergic Neuron	3	-	0.9706352
248	5	Glutamatergic Neuron	3	-	0.9418509
249	7	Glutamatergic Neuron	3	-	0.9595924
250	7	GABA-ergic Neuron	2	-	0.7890347
251	7	Astrocyte	0	-	0.6392248
252	4	Glutamatergic Neuron	3	-	0.9998191
253	9	Glutamatergic Neuron	3	-	0.9968526
254	9	Glutamatergic Neuron	3	-	0.8319864
255	4	GABA-ergic Neuron	2	-	0.8720479
256	6	GABA-ergic Neuron	2	-	0.5184344
257	6	GABA-ergic Neuron	2	-	0.9726830
258	4	Glutamatergic Neuron	3	-	0.9981778
259	4	Glutamatergic Neuron	3	-	0.9795804
260	4	Glutamatergic Neuron	3	-	0.9955619
261	4	Glutamatergic Neuron	3	-	0.8101433
262	1	GABA-ergic Neuron	2	-	0.4228713
263	9	Glutamatergic Neuron	3	-	0.9982967
264	4	Glutamatergic Neuron	3	-	0.9968894
265	2	Glutamatergic Neuron	3	-	0.9518609
266	1	Astrocyte	0	-	0.7559176
267	4	Glutamatergic Neuron	3	-	0.9953310
268	4	Glutamatergic Neuron	3	-	0.9937260
269	4	Glutamatergic Neuron	3	-	0.9005980
270	4	Glutamatergic Neuron	3	-	0.9871462
271	2	Glutamatergic Neuron	3	-	0.9981675
272	4	Glutamatergic Neuron	3	-	0.9986615
273	4	Glutamatergic Neuron	3	-	0.9990756
274	4	Glutamatergic Neuron	3	-	0.9969348
275	2	Glutamatergic Neuron	3	-	0.9859849
276	2	Glutamatergic Neuron	3	-	0.8427771
277	9	Glutamatergic Neuron	3	-	0.9214895
278	7	Glutamatergic Neuron	3	-	0.9033683
279	7	Endothelial Cell	1	-	0.5740452
280	4	Glutamatergic Neuron	3	-	0.9220282
281	9	Glutamatergic Neuron	3	-	0.7198502
282	7	GABA-ergic Neuron	2	-	0.6417924
283	9	Glutamatergic Neuron	3	-	0.9969096
284	9	Glutamatergic Neuron	3	-	0.9991766
285	2	GABA-ergic Neuron	2	-	0.8556651
286	7	Endothelial Cell	1	-	0.4752909
287	7	Glutamatergic Neuron	3	-	0.9856382
288	7	Glutamatergic Neuron	3	-	0.9818994
289	8	GABA-ergic Neuron	2	-	0.9937049
290	7	Glutamatergic Neuron	3	-	0.9716033
291	7	Astrocyte	0	-	0.8397370
292	7	Glutamatergic Neuron	3	-	0.7001872
293	7	Glutamatergic Neuron	3	-	0.9774721
294	7	Glutamatergic Neuron	3	-	0.9662085
295	7	Oligodendrocyte.3	7	-	0.4029896
296	9	Astrocyte	0	-	0.3676416
297	7	Glutamatergic Neuron	3	-	0.4890072
298	6	Glutamatergic Neuron	3	-	0.9948555
299	7	Glutamatergic Neuron	3	-	0.5884216
300	7	Glutamatergic Neuron	3	-	0.9841328
301	4	GABA-ergic Neuron	2	-	0.9544631
302	6	Glutamatergic Neuron	3	-	0.6676579
303	6	Glutamatergic Neuron	3	-	0.7719615
304	4	Glutamatergic Neuron	3	-	0.8648080
305	7	Glutamatergic Neuron	3	-	0.5229066
306	7	Glutamatergic Neuron	3	-	0.9742005
307	7	Glutamatergic Neuron	3	-	0.9652048
308	7	Glutamatergic Neuron	3	-	0.8466759
309	7	GABA-ergic Neuron	2	-	0.9832128
310	7	Glutamatergic Neuron	3	-	0.7824077
311	2	Glutamatergic Neuron	3	-	0.6450388
312	2	Glutamatergic Neuron	3	-	0.7723642
313	2	Glutamatergic Neuron	3	-	0.9988676
314	7	Glutamatergic Neuron	3	-	0.9193118
315	2	Glutamatergic Neuron	3	-	0.5977552
316	2	Glutamatergic Neuron	3	-	0.9933396
317	7	GABA-ergic Neuron	2	-	0.9992033
318	7	GABA-ergic Neuron	2	-	0.5883393
319	7	GABA-ergic Neuron	2	-	0.4992946
320	2	Glutamatergic Neuron	3	-	0.9993646
321	2	Glutamatergic Neuron	3	-	0.9960849
322	7	Glutamatergic Neuron	3	-	0.8623671
323	7	Glutamatergic Neuron	3	-	0.9720007
324	7	GABA-ergic Neuron	2	-	0.6281713
325	3	GABA-ergic Neuron	2	-	0.8973210
326	7	GABA-ergic Neuron	2	-	0.6906493
327	7	GABA-ergic Neuron	2	-	0.9418780
328	7	Glutamatergic Neuron	3	-	0.9535002
329	7	Glutamatergic Neuron	3	-	0.7322576
330	7	Glutamatergic Neuron	3	-	0.9184201
331	7	Glutamatergic Neuron	3	-	0.9420980
332	7	Glutamatergic Neuron	3	-	0.9434270
333	7	GABA-ergic Neuron	2	-	0.5972355
334	7	Astrocyte	0	-	0.9543301
335	7	GABA-ergic Neuron	2	-	0.9955809
336	7	Astrocyte	0	-	0.4916511
337	6	GABA-ergic Neuron	2	-	0.9754225
338	6	GABA-ergic Neuron	2	-	0.9917055
339	6	GABA-ergic Neuron	2	-	0.5389994
340	7	Glutamatergic Neuron	3	-	0.9584903
341	9	Glutamatergic Neuron	3	-	0.9971231
342	9	Glutamatergic Neuron	3	-	0.9898352
343	7	Glutamatergic Neuron	3	-	0.9993232
344	6	Glutamatergic Neuron	3	-	0.9981050
345	9	Glutamatergic Neuron	3	-	0.5039676
346	2	Glutamatergic Neuron	3	-	0.6207354
347	6	Glutamatergic Neuron	3	-	0.8412345
348	6	Glutamatergic Neuron	3	-	0.9889315
349	6	Glutamatergic Neuron	3	-	0.4676729
350	6	GABA-ergic Neuron	2	-	0.9186707
351	6	Glutamatergic Neuron	3	-	0.9974206
352	2	Glutamatergic Neuron	3	-	0.6365251
353	9	Glutamatergic Neuron	3	-	0.9193679
354	6	GABA-ergic Neuron	2	-	0.5963022
355	2	GABA-ergic Neuron	2	-	0.9064287
356	6	GABA-ergic Neuron	2	-	0.9984551
357	6	Glutamatergic Neuron	3	-	0.5467240
358	6	Glutamatergic Neuron	3	-	0.9283010
359	9	Glutamatergic Neuron	3	-	0.9145369
360	7	Glutamatergic Neuron	3	-	0.9190205
361	2	GABA-ergic Neuron	2	-	0.9854001
362	2	GABA-ergic Neuron	2	-	0.9037915
363	7	Glutamatergic Neuron	3	-	0.9309883
364	7	Glutamatergic Neuron	3	-	0.9126507
365	7	Astrocyte	0	-	0.7648808
366	7	GABA-ergic Neuron	2	-	0.9060037
367	7	Glutamatergic Neuron	3	-	0.8348327
368	7	Glutamatergic Neuron	3	-	0.3971025
369	7	Glutamatergic Neuron	3	-	0.9827101
370	7	Glutamatergic Neuron	3	-	0.6000247
371	7	Glutamatergic Neuron	3	-	0.9963368
372	7	Oligodendrocyte.3	7	-	0.6845795
373	7	GABA-ergic Neuron	2	-	0.7513127
374	7	Glutamatergic Neuron	3	-	0.5182135
375	7	Glutamatergic Neuron	3	-	0.9960319
376	3	GABA-ergic Neuron	2	-	0.7950117
377	9	Glutamatergic Neuron	3	-	0.9922860
378	9	Glutamatergic Neuron	3	-	0.7412617
379	9	Glutamatergic Neuron	3	-	0.9925186
380	6	Glutamatergic Neuron	3	-	0.9986570
381	9	Glutamatergic Neuron	3	-	0.9948061
382	3	Astrocyte	0	-	0.8657656
383	3	Glutamatergic Neuron	3	-	0.9452561
384	9	Glutamatergic Neuron	3	-	0.9883111
385	7	Glutamatergic Neuron	3	-	0.9990754
386	9	Glutamatergic Neuron	3	-	0.9797235
387	7	Glutamatergic Neuron	3	-	0.9634107
388	7	GABA-ergic Neuron	2	-	0.6716795
389	7	GABA-ergic Neuron	2	-	0.8141777
390	7	Glutamatergic Neuron	3	-	0.8672809
391	3	Glutamatergic Neuron	3	-	0.7343942
392	1	Glutamatergic Neuron	3	-	0.9900259
393	3	Glutamatergic Neuron	3	-	0.5636478
394	3	GABA-ergic Neuron	2	-	0.9720498
395	7	GABA-ergic Neuron	2	-	0.9564650
396	3	GABA-ergic Neuron	2	-	0.9659899
397	9	GABA-ergic Neuron	2	-	0.5055141
398	7	Glutamatergic Neuron	3	-	0.9743057
399	3	Glutamatergic Neuron	3	-	0.9954454
400	7	GABA-ergic Neuron	2	-	0.9972045
401	7	Glutamatergic Neuron	3	-	0.9975285
402	7	Glutamatergic Neuron	3	-	0.9599241
403	7	GABA-ergic Neuron	2	-	0.3628737
404	7	Astrocyte	0	-	0.9371246
405	7	Glutamatergic Neuron	3	-	0.7457752
406	7	GABA-ergic Neuron	2	-	0.9887051
407	7	Astrocyte	0	-	0.9402196
408	4	GABA-ergic Neuron	2	-	0.9484707
409	7	GABA-ergic Neuron	2	-	0.9988524
410	3	Astrocyte	0	-	0.9400018
411	3	Glutamatergic Neuron	3	-	0.9133268
412	3	GABA-ergic Neuron	2	-	0.4361337
413	6	GABA-ergic Neuron	2	-	0.9213368
414	6	GABA-ergic Neuron	2	-	0.9774168
415	6	GABA-ergic Neuron	2	-	0.9912825
416	6	GABA-ergic Neuron	2	-	0.8016245
417	6	Astrocyte	0	-	0.4619330
418	6	Glutamatergic Neuron	3	-	0.9803177
419	6	Glutamatergic Neuron	3	-	0.9135049
420	6	Glutamatergic Neuron	3	-	0.8569230
421	6	GABA-ergic Neuron	2	-	0.9050853
422	6	Glutamatergic Neuron	3	-	0.6253182
423	7	Glutamatergic Neuron	3	-	0.5835792
424	7	GABA-ergic Neuron	2	-	0.7932769
425	7	GABA-ergic Neuron	2	-	0.7823270
426	6	Glutamatergic Neuron	3	-	0.9932994
427	7	GABA-ergic Neuron	2	-	0.6860202
428	7	GABA-ergic Neuron	2	-	0.5417657
429	7	Glutamatergic Neuron	3	-	0.9653279
430	7	GABA-ergic Neuron	2	-	0.9900887
431	7	Glutamatergic Neuron	3	-	0.9906946
432	7	Glutamatergic Neuron	3	-	0.5753627
433	7	GABA-ergic Neuron	2	-	0.9881810
434	7	Microglia	4	-	0.5966463
435	7	Glutamatergic Neuron	3	-	0.9938114
436	7	GABA-ergic Neuron	2	-	0.9978149
437	7	GABA-ergic Neuron	2	-	0.8559136
438	7	GABA-ergic Neuron	2	-	0.9951410
439	7	Glutamatergic Neuron	3	-	0.8804942
440	9	Glutamatergic Neuron	3	-	0.8447566
441	7	GABA-ergic Neuron	2	-	0.6911104
442	7	Glutamatergic Neuron	3	-	0.9992672
443	7	Glutamatergic Neuron	3	-	0.5614493
444	7	Oligodendrocyte.1	5	-	0.4831767
445	7	GABA-ergic Neuron	2	-	0.5214606
446	7	GABA-ergic Neuron	2	-	0.9083348
447	7	GABA-ergic Neuron	2	-	0.4502799
448	9	Glutamatergic Neuron	3	-	0.6309143
449	7	Glutamatergic Neuron	3	-	0.9094953
450	7	Glutamatergic Neuron	3	-	0.9579818
451	7	GABA-ergic Neuron	2	-	0.8584785
452	7	Glutamatergic Neuron	3	-	0.8869945
453	9	Glutamatergic Neuron	3	-	0.9783274
454	7	GABA-ergic Neuron	2	-	0.9960901
455	7	Glutamatergic Neuron	3	-	0.8775653
456	9	GABA-ergic Neuron	2	-	0.9905873
457	7	GABA-ergic Neuron	2	-	0.8196825
458	7	GABA-ergic Neuron	2	-	0.5111677
459	7	Glutamatergic Neuron	3	-	0.9812961
460	7	GABA-ergic Neuron	2	-	0.9985006
461	7	Astrocyte	0	-	0.7107703
462	7	GABA-ergic Neuron	2	-	0.9244171
463	7	GABA-ergic Neuron	2	-	0.8914068
464	7	Glutamatergic Neuron	3	-	0.8327958
465	7	Glutamatergic Neuron	3	-	0.6417094
466	7	Glutamatergic Neuron	3	-	0.9985613
467	7	Glutamatergic Neuron	3	-	0.6886039
468	8	GABA-ergic Neuron	2	-	0.5522835
469	3	Oligodendrocyte.1	5	-	0.5749216
470	7	GABA-ergic Neuron	2	-	0.9280347
471	7	Glutamatergic Neuron	3	-	0.6840367
472	7	Glutamatergic Neuron	3	-	0.9993626
473	7	GABA-ergic Neuron	2	-	0.9933632
474	3	Glutamatergic Neuron	3	-	0.7669822
475	7	GABA-ergic Neuron	2	-	0.9613953
476	8	Oligodendrocyte.3	7	-	0.6146816
477	4	Glutamatergic Neuron	3	-	0.8655900
478	3	Glutamatergic Neuron	3	-	0.9311566
479	3	Microglia	4	-	0.5784414
480	1	GABA-ergic Neuron	2	-	0.6787449
481	1	Glutamatergic Neuron	3	-	0.9874519
482	8	Glutamatergic Neuron	3	-	0.9843343
483	8	GABA-ergic Neuron	2	-	0.3534120
484	8	Oligodendrocyte.2	6	-	0.5943836
485	8	Glutamatergic Neuron	3	-	0.9798817
486	8	GABA-ergic Neuron	2	-	0.9200905
487	8	Glutamatergic Neuron	3	-	0.6102111
488	8	GABA-ergic Neuron	2	-	0.9071873
489	8	Glutamatergic Neuron	3	-	0.8138015
490	3	GABA-ergic Neuron	2	-	0.4603290
491	8	Glutamatergic Neuron	3	-	0.9771832
492	8	Microglia	4	-	0.5526306
493	8	Glutamatergic Neuron	3	-	0.4683496
494	8	GABA-ergic Neuron	2	-	0.7576697
495	8	Oligodendrocyte.2	6	-	0.5771289
496	1	Astrocyte	0	-	0.6978609
497	3	Glutamatergic Neuron	3	-	0.9657250
498	1	Glutamatergic Neuron	3	-	0.9446105
499	8	GABA-ergic Neuron	2	-	0.9182856
500	8	Glutamatergic Neuron	3	-	0.4192215
501	8	Glutamatergic Neuron	3	-	0.8623267
502	8	Oligodendrocyte.2	6	-	0.5110266
503	8	Astrocyte	0	-	0.7064341
504	1	Oligodendrocyte.2	6	-	0.7104577
505	1	Glutamatergic Neuron	3	-	0.9976176
506	8	Glutamatergic Neuron	3	-	0.6260592
507	8	GABA-ergic Neuron	2	-	0.6346472
508	8	GABA-ergic Neuron	2	-	0.9665933
509	8	GABA-ergic Neuron	2	-	0.8762162
510	1	Microglia	4	-	0.4472706
511	8	GABA-ergic Neuron	2	-	0.8175993
512	3	Oligodendrocyte.1	5	-	0.5031745
513	6	Glutamatergic Neuron	3	-	0.8222460
514	3	Glutamatergic Neuron	3	-	0.5880528
515	7	GABA-ergic Neuron	2	-	0.9836440
516	3	Astrocyte	0	-	0.4980534
517	5	Glutamatergic Neuron	3	-	0.5007659
518	1	Glutamatergic Neuron	3	-	0.9777084
519	8	Oligodendrocyte.2	6	-	0.3727191
520	8	Oligodendrocyte.3	7	-	0.6805060
521	2	Glutamatergic Neuron	3	-	0.9894622
522	3	Glutamatergic Neuron	3	-	0.9964531
523	4	Glutamatergic Neuron	3	-	0.8599899
524	8	Glutamatergic Neuron	3	-	0.5428343
525	8	Glutamatergic Neuron	3	-	0.6440005
526	8	Oligodendrocyte.2	6	-	0.4496817
527	8	Oligodendrocyte.3	7	-	0.4182681
528	8	Glutamatergic Neuron	3	-	0.6102858
529	8	Glutamatergic Neuron	3	-	0.5441512
530	8	Astrocyte	0	-	0.7673285
531	8	GABA-ergic Neuron	2	-	0.7540172
532	8	GABA-ergic Neuron	2	-	0.7762461
533	8	Glutamatergic Neuron	3	-	0.7585743
534	8	Glutamatergic Neuron	3	-	0.9991675
535	8	Glutamatergic Neuron	3	-	0.8162966
536	3	Glutamatergic Neuron	3	-	0.9842078
537	8	Glutamatergic Neuron	3	-	0.7156456
538	8	GABA-ergic Neuron	2	-	0.4709755
539	4	Glutamatergic Neuron	3	-	0.7878699
540	3	Glutamatergic Neuron	3	-	0.9144956
541	8	Glutamatergic Neuron	3	-	0.5568641
542	3	Glutamatergic Neuron	3	-	0.9888378
543	3	Glutamatergic Neuron	3	-	0.9582079
544	1	Glutamatergic Neuron	3	-	0.9921059
545	8	Glutamatergic Neuron	3	-	0.8981823
546	3	Glutamatergic Neuron	3	-	0.9740909
547	1	Astrocyte	0	-	0.7579704
548	1	Glutamatergic Neuron	3	-	0.3722744
549	1	Glutamatergic Neuron	3	-	0.9934620
550	3	Astrocyte	0	-	0.8232905
551	3	Glutamatergic Neuron	3	-	0.8662231
552	3	Astrocyte	0	-	0.6724219
553	1	GABA-ergic Neuron	2	-	0.9686656
554	5	Glutamatergic Neuron	3	-	0.5691010
555	5	GABA-ergic Neuron	2	-	0.5855181
556	5	Glutamatergic Neuron	3	-	0.3765174
557	4	GABA-ergic Neuron	2	-	0.5220954
558	1	Glutamatergic Neuron	3	-	0.9671173
559	1	Glutamatergic Neuron	3	-	0.9523940
560	5	GABA-ergic Neuron	2	-	0.9615377
561	5	Astrocyte	0	-	0.6035699
562	5	GABA-ergic Neuron	2	-	0.6811934
563	5	GABA-ergic Neuron	2	-	0.6090446
564	5	GABA-ergic Neuron	2	-	0.9254560
565	5	Glutamatergic Neuron	3	-	0.5792564
566	8	Oligodendrocyte.3	7	-	0.4331826
567	5	Glutamatergic Neuron	3	-	0.6103727
568	1	Astrocyte	0	-	0.7890592
569	3	Oligodendrocyte.3	7	-	0.5391418
570	5	Glutamatergic Neuron	3	-	0.8380078
571	5	Astrocyte	0	-	0.9080476
572	1	Glutamatergic Neuron	3	-	0.9742130
573	1	Glutamatergic Neuron	3	-	0.9355289
574	5	Astrocyte	0	-	0.8194317
575	3	Glutamatergic Neuron	3	-	0.9903438
576	3	GABA-ergic Neuron	2	-	0.6931645
577	3	Glutamatergic Neuron	3	-	0.9843433
578	3	Microglia	4	-	0.4077845
579	3	Astrocyte	0	-	0.5593114
580	5	GABA-ergic Neuron	2	-	0.2739970
581	5	Astrocyte	0	-	0.7409860
582	7	Astrocyte	0	-	0.7570383
583	7	GABA-ergic Neuron	2	-	0.9966415
584	7	Glutamatergic Neuron	3	-	0.8804152
585	7	GABA-ergic Neuron	2	-	0.9582798
586	7	GABA-ergic Neuron	2	-	0.9691071
587	7	GABA-ergic Neuron	2	-	0.9968529
588	7	GABA-ergic Neuron	2	-	0.8189625
589	7	GABA-ergic Neuron	2	-	0.9710001
590	7	GABA-ergic Neuron	2	-	0.9842471
591	7	GABA-ergic Neuron	2	-	0.7298941
592	7	GABA-ergic Neuron	2	-	0.9905971
593	7	Astrocyte	0	-	0.5729427
594	7	GABA-ergic Neuron	2	-	0.3797598
595	9	Glutamatergic Neuron	3	-	0.9950050
596	7	Glutamatergic Neuron	3	-	0.9658854
597	7	Glutamatergic Neuron	3	-	0.9462727
598	4	GABA-ergic Neuron	2	-	0.6281799
599	7	GABA-ergic Neuron	2	-	0.8468596
600	7	GABA-ergic Neuron	2	-	0.8490143
601	7	GABA-ergic Neuron	2	-	0.4805918
602	7	Glutamatergic Neuron	3	-	0.5270650
603	7	GABA-ergic Neuron	2	-	0.9884839
604	7	Glutamatergic Neuron	3	-	0.6843563
605	7	Glutamatergic Neuron	3	-	0.7923395
606	7	GABA-ergic Neuron	2	-	0.8944958
607	7	GABA-ergic Neuron	2	-	0.7341805
608	6	GABA-ergic Neuron	2	-	0.9506487
609	7	GABA-ergic Neuron	2	-	0.4740756
610	6	GABA-ergic Neuron	2	-	0.6334444
611	2	Glutamatergic Neuron	3	-	0.9915734
612	6	GABA-ergic Neuron	2	-	0.9622567
613	7	Glutamatergic Neuron	3	-	0.7581567
614	2	Glutamatergic Neuron	3	-	0.5374324
615	2	Glutamatergic Neuron	3	-	0.9216402
616	6	GABA-ergic Neuron	2	-	0.9665794
617	6	GABA-ergic Neuron	2	-	0.9932403
618	6	Glutamatergic Neuron	3	-	0.9930412
619	6	GABA-ergic Neuron	2	-	0.4889440
620	6	Glutamatergic Neuron	3	-	0.7173786
621	2	GABA-ergic Neuron	2	-	0.6023635
622	2	Glutamatergic Neuron	3	-	0.9884178
623	6	GABA-ergic Neuron	2	-	0.9683283
624	6	Glutamatergic Neuron	3	-	0.9028998
625	6	Microglia	4	-	0.5871406
626	2	Glutamatergic Neuron	3	-	0.9903258
627	2	Glutamatergic Neuron	3	-	0.9681201
628	6	GABA-ergic Neuron	2	-	0.9565002
629	6	GABA-ergic Neuron	2	-	0.9502859
630	6	GABA-ergic Neuron	2	-	0.6523176
631	2	GABA-ergic Neuron	2	-	0.9551054
632	2	Glutamatergic Neuron	3	-	0.8143966
633	6	GABA-ergic Neuron	2	-	0.9914059
634	2	Glutamatergic Neuron	3	-	0.9988806
635	6	GABA-ergic Neuron	2	-	0.7604047
636	7	GABA-ergic Neuron	2	-	0.9413018
637	2	Glutamatergic Neuron	3	-	0.7709567
638	2	GABA-ergic Neuron	2	-	0.9989481
639	2	Glutamatergic Neuron	3	-	0.9990274
640	2	GABA-ergic Neuron	2	-	0.3676398
641	6	GABA-ergic Neuron	2	-	0.6312849
642	6	GABA-ergic Neuron	2	-	0.7697446
643	2	Glutamatergic Neuron	3	-	0.9302930
644	2	GABA-ergic Neuron	2	-	0.9175769
645	2	GABA-ergic Neuron	2	-	0.5026448
646	2	GABA-ergic Neuron	2	-	0.6639694
647	2	GABA-ergic Neuron	2	-	0.9949067
648	2	GABA-ergic Neuron	2	-	0.9999735
649	2	Glutamatergic Neuron	3	-	0.5462883
650	2	Astrocyte	0	-	0.8191772
651	2	GABA-ergic Neuron	2	-	0.9964281
652	7	GABA-ergic Neuron	2	-	0.8202525
653	6	GABA-ergic Neuron	2	-	0.9928572
654	6	GABA-ergic Neuron	2	-	0.6551265
655	6	Glutamatergic Neuron	3	-	0.5990612
656	6	Glutamatergic Neuron	3	-	0.6034589
657	6	GABA-ergic Neuron	2	-	0.5358666
658	6	GABA-ergic Neuron	2	-	0.9819452
659	6	Glutamatergic Neuron	3	-	0.9847875
660	6	Glutamatergic Neuron	3	-	0.5632814
661	6	GABA-ergic Neuron	2	-	0.9978016
662	6	Glutamatergic Neuron	3	-	0.8904228
663	6	GABA-ergic Neuron	2	-	0.9632741
664	6	GABA-ergic Neuron	2	-	0.9170891
665	6	GABA-ergic Neuron	2	-	0.9968162
666	2	Glutamatergic Neuron	3	-	0.9993983
667	2	GABA-ergic Neuron	2	-	0.9407628
668	2	Astrocyte	0	-	0.3601912
669	2	GABA-ergic Neuron	2	-	0.9887939
670	6	Glutamatergic Neuron	3	-	0.6479765
671	6	GABA-ergic Neuron	2	-	0.6523603
672	6	GABA-ergic Neuron	2	-	0.5943788
673	2	GABA-ergic Neuron	2	-	0.7088760
674	2	GABA-ergic Neuron	2	-	0.8959979
675	2	Glutamatergic Neuron	3	-	0.9862253
676	6	GABA-ergic Neuron	2	-	0.6019741
677	6	Glutamatergic Neuron	3	-	0.6481372
678	6	Glutamatergic Neuron	3	-	0.5065543
679	2	GABA-ergic Neuron	2	-	0.9916613
680	6	GABA-ergic Neuron	2	-	0.9955777
681	9	GABA-ergic Neuron	2	-	0.9861942
682	9	GABA-ergic Neuron	2	-	0.9994993
683	4	Glutamatergic Neuron	3	-	0.9999506
684	6	Glutamatergic Neuron	3	-	0.7051672
685	3	Oligodendrocyte.3	7	-	0.8937566
686	9	Glutamatergic Neuron	3	-	0.9992927
687	9	GABA-ergic Neuron	2	-	0.9866018
688	6	GABA-ergic Neuron	2	-	0.9705311
689	6	Glutamatergic Neuron	3	-	0.9774227
690	6	GABA-ergic Neuron	2	-	0.4259274
691	6	Endothelial Cell	1	-	0.5148185
692	7	Glutamatergic Neuron	3	-	0.8680948
693	6	Glutamatergic Neuron	3	-	0.9956526
694	6	GABA-ergic Neuron	2	-	0.9989302
695	6	Oligodendrocyte.2	6	-	0.6130251
696	7	Glutamatergic Neuron	3	-	0.5357956
697	6	GABA-ergic Neuron	2	-	0.9898735
698	4	GABA-ergic Neuron	2	-	0.6600991
699	4	Glutamatergic Neuron	3	-	0.9992778
700	6	Glutamatergic Neuron	3	-	0.6462144
701	6	Glutamatergic Neuron	3	-	0.9072964
702	6	Glutamatergic Neuron	3	-	0.7925474
703	6	Glutamatergic Neuron	3	-	0.7217858
704	6	GABA-ergic Neuron	2	-	0.9839872
705	3	GABA-ergic Neuron	2	-	0.9597809
706	6	GABA-ergic Neuron	2	-	0.9952931
707	4	Glutamatergic Neuron	3	-	0.8576326
708	6	Glutamatergic Neuron	3	-	0.8839448
709	6	Glutamatergic Neuron	3	-	0.9967684
710	6	Glutamatergic Neuron	3	-	0.9851857
711	6	GABA-ergic Neuron	2	-	0.7942178
712	6	GABA-ergic Neuron	2	-	0.7734378
713	6	Glutamatergic Neuron	3	-	0.9259333
714	6	Astrocyte	0	-	0.9473270
715	6	Glutamatergic Neuron	3	-	0.8847782
716	6	GABA-ergic Neuron	2	-	0.9929521
717	6	Astrocyte	0	-	0.9008429
718	4	Endothelial Cell	1	-	0.4801626
719	4	Glutamatergic Neuron	3	-	0.9907504
720	6	GABA-ergic Neuron	2	-	0.9530331
721	6	Oligodendrocyte.2	6	-	0.4526524
722	6	GABA-ergic Neuron	2	-	0.9291886
723	6	Glutamatergic Neuron	3	-	0.9257146
724	4	Astrocyte	0	-	0.5583051
725	4	Astrocyte	0	-	0.9078054
726	9	Glutamatergic Neuron	3	-	0.9478767
727	6	GABA-ergic Neuron	2	-	0.5768014
728	6	Glutamatergic Neuron	3	-	0.9993433
729	1	Glutamatergic Neuron	3	-	0.8744201
730	6	GABA-ergic Neuron	2	-	0.9914242
731	7	Glutamatergic Neuron	3	-	0.9949064
732	7	Glutamatergic Neuron	3	-	0.9904047
733	6	Glutamatergic Neuron	3	-	0.9924038
734	6	GABA-ergic Neuron	2	-	0.9794955
735	6	Astrocyte	0	-	0.6027287
736	6	Glutamatergic Neuron	3	-	0.9025682
737	9	Glutamatergic Neuron	3	-	0.5244813
738	2	Glutamatergic Neuron	3	-	0.9848247
739	6	GABA-ergic Neuron	2	-	0.9816082
740	6	Glutamatergic Neuron	3	-	0.7914685
741	7	Endothelial Cell	1	-	0.5503656
742	7	GABA-ergic Neuron	2	-	0.9972640
743	4	Glutamatergic Neuron	3	-	0.9263733
744	2	GABA-ergic Neuron	2	-	0.5288169
745	7	Endothelial Cell	1	-	0.5216141
746	7	GABA-ergic Neuron	2	-	0.9391475
747	7	Glutamatergic Neuron	3	-	0.8814979
748	7	GABA-ergic Neuron	2	-	0.9753239
749	9	Astrocyte	0	-	0.6189972
750	9	GABA-ergic Neuron	2	-	0.9418464
751	7	Glutamatergic Neuron	3	-	0.9934040
752	7	GABA-ergic Neuron	2	-	0.7832566
753	7	Microglia	4	-	0.6779532
754	7	GABA-ergic Neuron	2	-	0.7351466
755	8	GABA-ergic Neuron	2	-	0.9972192
756	9	Glutamatergic Neuron	3	-	0.9631119
757	9	GABA-ergic Neuron	2	-	0.9780664
758	6	Glutamatergic Neuron	3	-	0.5785691
759	9	GABA-ergic Neuron	2	-	0.6600138
760	4	Glutamatergic Neuron	3	-	0.8918162
761	6	GABA-ergic Neuron	2	-	0.9930668
762	4	Glutamatergic Neuron	3	-	0.9956730
763	2	GABA-ergic Neuron	2	-	0.8818230
764	2	GABA-ergic Neuron	2	-	0.9479957
765	7	GABA-ergic Neuron	2	-	0.9797193
766	7	Glutamatergic Neuron	3	-	0.9989615
767	7	Astrocyte	0	-	0.5838636
768	7	GABA-ergic Neuron	2	-	0.9111147
769	7	Glutamatergic Neuron	3	-	0.7808097
770	3	Glutamatergic Neuron	3	-	0.8861773
771	7	Glutamatergic Neuron	3	-	0.8484425
772	7	Oligodendrocyte.1	5	-	0.8433530
773	7	Astrocyte	0	-	0.9594811
774	7	GABA-ergic Neuron	2	-	0.5533749
775	7	Glutamatergic Neuron	3	-	0.9997377
776	7	Glutamatergic Neuron	3	-	0.9712549
777	7	Glutamatergic Neuron	3	-	0.9808350
778	7	Glutamatergic Neuron	3	-	0.9730865
779	7	GABA-ergic Neuron	2	-	0.9809274
780	9	Glutamatergic Neuron	3	-	0.7179557
781	3	GABA-ergic Neuron	2	-	0.8475383
782	4	Glutamatergic Neuron	3	-	0.8906304
783	4	GABA-ergic Neuron	2	-	0.8332489
784	9	Glutamatergic Neuron	3	-	0.9065462
785	4	Glutamatergic Neuron	3	-	0.9294728
786	7	GABA-ergic Neuron	2	-	0.5465565
787	3	Glutamatergic Neuron	3	-	0.9969714
788	7	Glutamatergic Neuron	3	-	0.9836781
789	7	GABA-ergic Neuron	2	-	0.9021921
790	7	GABA-ergic Neuron	2	-	0.4982075
791	7	Glutamatergic Neuron	3	-	0.7562183
792	7	GABA-ergic Neuron	2	-	0.9628361
793	7	GABA-ergic Neuron	2	-	0.5898039
794	3	GABA-ergic Neuron	2	-	0.9881658
795	7	GABA-ergic Neuron	2	-	0.9955742
796	7	Glutamatergic Neuron	3	-	0.9961830
797	9	Glutamatergic Neuron	3	-	0.9692010
798	7	GABA-ergic Neuron	2	-	0.9043146
799	7	GABA-ergic Neuron	2	-	0.9946014
800	3	GABA-ergic Neuron	2	-	0.8751927
801	7	Glutamatergic Neuron	3	-	0.8891985
802	7	GABA-ergic Neuron	2	-	0.9399450
803	7	GABA-ergic Neuron	2	-	0.9986700
804	7	GABA-ergic Neuron	2	-	0.9997426
805	7	Glutamatergic Neuron	3	-	0.7139633
806	7	Glutamatergic Neuron	3	-	0.9885568
807	7	GABA-ergic Neuron	2	-	0.9768196
808	7	Glutamatergic Neuron	3	-	0.6398357
809	7	GABA-ergic Neuron	2	-	0.6629773
810	7	GABA-ergic Neuron	2	-	0.9173031
811	9	Glutamatergic Neuron	3	-	0.8946764
812	9	Glutamatergic Neuron	3	-	0.9875039
813	9	Oligodendrocyte.3	7	-	0.4049758
814	9	Glutamatergic Neuron	3	-	0.8952383
815	9	GABA-ergic Neuron	2	-	0.6699358
816	9	Oligodendrocyte.2	6	-	0.5808103
817	7	Glutamatergic Neuron	3	-	0.9970273
818	9	GABA-ergic Neuron	2	-	0.9834916
819	7	Glutamatergic Neuron	3	-	0.9641106
820	7	Glutamatergic Neuron	3	-	0.7261684
821	7	Glutamatergic Neuron	3	-	0.9473509
822	7	GABA-ergic Neuron	2	-	0.9985615
823	7	GABA-ergic Neuron	2	-	0.9186012
824	7	Glutamatergic Neuron	3	-	0.9989636
825	9	GABA-ergic Neuron	2	-	0.9128801
826	9	GABA-ergic Neuron	2	-	0.9067796
827	7	GABA-ergic Neuron	2	-	0.9964728
828	7	Astrocyte	0	-	0.5370888
829	7	Glutamatergic Neuron	3	-	0.9287382
830	9	Glutamatergic Neuron	3	-	0.9883061
831	9	Glutamatergic Neuron	3	-	0.9994300
832	6	GABA-ergic Neuron	2	-	0.7809697
833	9	GABA-ergic Neuron	2	-	0.7684544
834	7	Astrocyte	0	-	0.8430132
835	6	GABA-ergic Neuron	2	-	0.9964542
836	6	GABA-ergic Neuron	2	-	0.8394890
837	6	Glutamatergic Neuron	3	-	0.6794768
838	6	Glutamatergic Neuron	3	-	0.9726749
839	9	GABA-ergic Neuron	2	-	0.9144702
840	4	Endothelial Cell	1	-	0.5963661
841	6	Glutamatergic Neuron	3	-	0.9839078
842	9	GABA-ergic Neuron	2	-	0.7467565
843	6	GABA-ergic Neuron	2	-	0.7470325
844	6	GABA-ergic Neuron	2	-	0.7964807
845	8	Glutamatergic Neuron	3	-	0.5486965
846	6	GABA-ergic Neuron	2	-	0.9998015
847	6	Glutamatergic Neuron	3	-	0.9912249
848	6	Glutamatergic Neuron	3	-	0.9811412
849	6	Glutamatergic Neuron	3	-	0.5334349
850	6	Glutamatergic Neuron	3	-	0.5441508
851	6	Glutamatergic Neuron	3	-	0.9937150
852	6	GABA-ergic Neuron	2	-	0.9124941
853	6	GABA-ergic Neuron	2	-	0.4540032
854	8	GABA-ergic Neuron	2	-	0.9325077
855	6	GABA-ergic Neuron	2	-	0.9662971
856	6	GABA-ergic Neuron	2	-	0.9723911
857	6	GABA-ergic Neuron	2	-	0.9773057
858	6	GABA-ergic Neuron	2	-	0.8649291
859	6	GABA-ergic Neuron	2	-	0.9871957
860	6	GABA-ergic Neuron	2	-	0.9788710
861	6	Glutamatergic Neuron	3	-	0.5065654
862	6	Astrocyte	0	-	0.8264188
863	6	GABA-ergic Neuron	2	-	0.8725541
864	6	GABA-ergic Neuron	2	-	0.9496798
865	6	GABA-ergic Neuron	2	-	0.8449199
866	6	GABA-ergic Neuron	2	-	0.7979376
867	6	GABA-ergic Neuron	2	-	0.9224403
868	6	GABA-ergic Neuron	2	-	0.5367603
869	6	Glutamatergic Neuron	3	-	0.6120484
870	6	Glutamatergic Neuron	3	-	0.9327322
871	6	GABA-ergic Neuron	2	-	0.9947628
872	6	GABA-ergic Neuron	2	-	0.7751190
873	6	GABA-ergic Neuron	2	-	0.9229744
874	1	Glutamatergic Neuron	3	-	0.9758512
875	1	GABA-ergic Neuron	2	-	0.8168377
876	1	Microglia	4	-	0.5231964
877	6	GABA-ergic Neuron	2	-	0.9554478
878	6	GABA-ergic Neuron	2	-	0.9035625
879	6	Glutamatergic Neuron	3	-	0.9869744
880	6	Oligodendrocyte.2	6	-	0.4562324
881	6	GABA-ergic Neuron	2	-	0.9618106
882	6	Astrocyte	0	-	0.4178865
883	3	GABA-ergic Neuron	2	-	0.3728425
884	7	GABA-ergic Neuron	2	-	0.8255298
885	8	GABA-ergic Neuron	2	-	0.7373242
886	8	GABA-ergic Neuron	2	-	0.9455071
887	1	GABA-ergic Neuron	2	-	0.6283640
888	1	Glutamatergic Neuron	3	-	0.9264562
889	1	Oligodendrocyte.2	6	-	0.6024408
890	9	Glutamatergic Neuron	3	-	0.9712180
891	3	Glutamatergic Neuron	3	-	0.9992531
892	1	Glutamatergic Neuron	3	-	0.4634056
893	1	Glutamatergic Neuron	3	-	0.4162923
894	1	Glutamatergic Neuron	3	-	0.8186704
895	8	Glutamatergic Neuron	3	-	0.9746741
896	8	Oligodendrocyte.1	5	-	0.4740741
897	3	Glutamatergic Neuron	3	-	0.8529359
898	3	Glutamatergic Neuron	3	-	0.9382029
899	3	GABA-ergic Neuron	2	-	0.7815339
900	3	Glutamatergic Neuron	3	-	0.9487274
901	8	Oligodendrocyte.3	7	-	0.5591249
902	8	GABA-ergic Neuron	2	-	0.7970977
903	8	GABA-ergic Neuron	2	-	0.8417619
904	8	Glutamatergic Neuron	3	-	0.8517935
905	8	Oligodendrocyte.2	6	-	0.6312625
906	8	Oligodendrocyte.3	7	-	0.7084520
907	8	GABA-ergic Neuron	2	-	0.8398520
908	3	Glutamatergic Neuron	3	-	0.9894433
909	8	Oligodendrocyte.2	6	-	0.4956838
910	8	Astrocyte	0	-	0.9316339
911	3	Glutamatergic Neuron	3	-	0.6118912
912	3	Glutamatergic Neuron	3	-	0.9050546
913	8	GABA-ergic Neuron	2	-	0.6728628
914	3	GABA-ergic Neuron	2	-	0.9576365
915	8	GABA-ergic Neuron	2	-	0.7086612
916	1	Glutamatergic Neuron	3	-	0.9985682
917	8	GABA-ergic Neuron	2	-	0.5085635
918	3	GABA-ergic Neuron	2	-	0.5142375
919	1	Glutamatergic Neuron	3	-	0.9881723
920	8	Oligodendrocyte.2	6	-	0.5391698
921	3	GABA-ergic Neuron	2	-	0.8586588
922	5	GABA-ergic Neuron	2	-	0.7877817
923	8	GABA-ergic Neuron	2	-	0.4939799
924	1	Glutamatergic Neuron	3	-	0.9741911
925	8	Glutamatergic Neuron	3	-	0.9882562
926	8	GABA-ergic Neuron	2	-	0.6839510
927	5	Glutamatergic Neuron	3	-	0.3454586
928	1	Microglia	4	-	0.5702437
929	8	GABA-ergic Neuron	2	-	0.9457493
930	8	GABA-ergic Neuron	2	-	0.6481000
931	1	Glutamatergic Neuron	3	-	0.9261183
932	8	Glutamatergic Neuron	3	-	0.4819747
933	8	GABA-ergic Neuron	2	-	0.9477484
934	8	Glutamatergic Neuron	3	-	0.8608719
935	8	GABA-ergic Neuron	2	-	0.5417182
936	1	Glutamatergic Neuron	3	-	0.9367974
937	8	GABA-ergic Neuron	2	-	0.9812551
938	1	Glutamatergic Neuron	3	-	0.8193245
939	1	Glutamatergic Neuron	3	-	0.4121509
940	8	GABA-ergic Neuron	2	-	0.9790918
941	8	GABA-ergic Neuron	2	-	0.3928617
942	8	GABA-ergic Neuron	2	-	0.9392262
943	8	Glutamatergic Neuron	3	-	0.9595760
944	3	Glutamatergic Neuron	3	-	0.5028729
945	8	Glutamatergic Neuron	3	-	0.9785061
946	8	Glutamatergic Neuron	3	-	0.4570880
947	8	Glutamatergic Neuron	3	-	0.9908770
948	8	Glutamatergic Neuron	3	-	0.5893908
949	8	Astrocyte	0	-	0.8782010
950	3	Glutamatergic Neuron	3	-	0.9907165
951	8	Glutamatergic Neuron	3	-	0.3509379
952	8	Glutamatergic Neuron	3	-	0.5345642
953	8	GABA-ergic Neuron	2	-	0.5674210
954	8	Glutamatergic Neuron	3	-	0.9825737
955	8	Glutamatergic Neuron	3	-	0.5982758
956	1	Glutamatergic Neuron	3	-	0.9980966
957	1	Glutamatergic Neuron	3	-	0.9958517
958	1	Glutamatergic Neuron	3	-	0.9834677
959	8	Glutamatergic Neuron	3	-	0.7503146
960	8	Glutamatergic Neuron	3	-	0.9292123
961	8	GABA-ergic Neuron	2	-	0.9509483
962	3	Astrocyte	0	-	0.7839365
963	3	Glutamatergic Neuron	3	-	0.8299960
964	3	Glutamatergic Neuron	3	-	0.9909779
965	3	Astrocyte	0	-	0.6929605
966	3	Astrocyte	0	-	0.9283319
967	3	Glutamatergic Neuron	3	-	0.8592434
968	6	GABA-ergic Neuron	2	-	0.8392443
969	3	Microglia	4	-	0.6474418
970	6	GABA-ergic Neuron	2	-	0.9990386
971	4	Glutamatergic Neuron	3	-	0.9959107
972	4	Glutamatergic Neuron	3	-	0.9994289
973	7	GABA-ergic Neuron	2	-	0.9256287
974	2	GABA-ergic Neuron	2	-	0.9960511
975	9	GABA-ergic Neuron	2	-	0.8168183
976	9	Glutamatergic Neuron	3	-	0.9657181
977	2	Glutamatergic Neuron	3	-	0.6886113
978	8	Astrocyte	0	-	0.5192991
979	3	GABA-ergic Neuron	2	-	0.5026120
980	3	Glutamatergic Neuron	3	-	0.9729401
981	8	Astrocyte	0	-	0.5044489
982	3	GABA-ergic Neuron	2	-	0.9196336
983	4	GABA-ergic Neuron	2	-	0.9049754
984	6	Glutamatergic Neuron	3	-	0.9955672
985	6	Glutamatergic Neuron	3	-	0.9901514
986	9	Glutamatergic Neuron	3	-	0.7138022
987	9	Oligodendrocyte.2	6	-	0.5066312
988	6	GABA-ergic Neuron	2	-	0.9668094
989	6	GABA-ergic Neuron	2	-	0.9567177
990	6	GABA-ergic Neuron	2	-	0.5098992
991	6	GABA-ergic Neuron	2	-	0.9969181
992	6	GABA-ergic Neuron	2	-	0.7204768
993	9	GABA-ergic Neuron	2	-	0.8094629
994	6	Glutamatergic Neuron	3	-	0.8409471
995	1	Glutamatergic Neuron	3	-	0.7555943
996	9	Glutamatergic Neuron	3	-	0.9829837
997	6	GABA-ergic Neuron	2	-	0.9992822
998	2	Glutamatergic Neuron	3	-	0.9977409
999	9	Glutamatergic Neuron	3	-	0.9735600
1000	9	GABA-ergic Neuron	2	-	0.9658893
1001	6	GABA-ergic Neuron	2	-	0.9962634
1002	2	GABA-ergic Neuron	2	-	0.6760954
1003	6	Astrocyte	0	-	0.5743244
1004	2	GABA-ergic Neuron	2	-	0.9995809
1005	4	Glutamatergic Neuron	3	-	0.9989622
1006	2	Glutamatergic Neuron	3	-	0.9993882
1007	4	Glutamatergic Neuron	3	-	0.9894172
1008	6	Glutamatergic Neuron	3	-	0.8219683
1009	2	Glutamatergic Neuron	3	-	0.9998120
1010	6	Astrocyte	0	-	0.5764102
1011	6	GABA-ergic Neuron	2	-	0.6392822
1012	6	GABA-ergic Neuron	2	-	0.5966355
1013	6	GABA-ergic Neuron	2	-	0.9247128
1014	6	Glutamatergic Neuron	3	-	0.8936581
1015	6	Glutamatergic Neuron	3	-	0.6941140
1016	6	Glutamatergic Neuron	3	-	0.9857850
1017	9	Glutamatergic Neuron	3	-	0.9909007
1018	2	GABA-ergic Neuron	2	-	0.4766503
1019	2	Glutamatergic Neuron	3	-	0.9353075
1020	6	GABA-ergic Neuron	2	-	0.8686215
1021	6	Glutamatergic Neuron	3	-	0.9999445
1022	3	Microglia	4	-	0.5219116
1023	8	GABA-ergic Neuron	2	-	0.4883112
1024	3	Astrocyte	0	-	0.4784454
1025	4	Glutamatergic Neuron	3	-	0.9987480
1026	4	Glutamatergic Neuron	3	-	0.9974434
1027	6	Glutamatergic Neuron	3	-	0.7377960
1028	6	Glutamatergic Neuron	3	-	0.9206963
1029	6	Glutamatergic Neuron	3	-	0.9666605
1030	9	Glutamatergic Neuron	3	-	0.9976200
1031	1	GABA-ergic Neuron	2	-	0.9130132
1032	7	Glutamatergic Neuron	3	-	0.9996799
1033	7	GABA-ergic Neuron	2	-	0.9994317
1034	7	Glutamatergic Neuron	3	-	0.6670958
1035	7	Glutamatergic Neuron	3	-	0.7498489
1036	7	Glutamatergic Neuron	3	-	0.9985863
1037	9	GABA-ergic Neuron	2	-	0.7816724
1038	9	Glutamatergic Neuron	3	-	0.9911207
1039	6	Glutamatergic Neuron	3	-	0.9732221
1040	3	GABA-ergic Neuron	2	-	0.9874650
1041	6	Endothelial Cell	1	-	0.8627520
1042	6	Glutamatergic Neuron	3	-	0.9929923
1043	6	Astrocyte	0	-	0.5780078
1044	6	Glutamatergic Neuron	3	-	0.7681184
1045	6	Glutamatergic Neuron	3	-	0.9003113
1046	6	GABA-ergic Neuron	2	-	0.9952799
1047	3	GABA-ergic Neuron	2	-	0.9452344
1048	6	Glutamatergic Neuron	3	-	0.9654596
1049	6	GABA-ergic Neuron	2	-	0.9082126
1050	3	Oligodendrocyte.3	7	-	0.6358621
1051	9	Glutamatergic Neuron	3	-	0.9996774
1052	9	Glutamatergic Neuron	3	-	0.9981651
1053	6	Glutamatergic Neuron	3	-	0.8515205
1054	2	Glutamatergic Neuron	3	-	0.9932145
1055	6	GABA-ergic Neuron	2	-	0.6911767
1056	6	Glutamatergic Neuron	3	-	0.9823024
1057	5	Microglia	4	-	0.4868756
1058	6	Glutamatergic Neuron	3	-	0.9042231
1059	6	GABA-ergic Neuron	2	-	0.9368028
1060	3	Glutamatergic Neuron	3	-	0.9876826
1061	6	Glutamatergic Neuron	3	-	0.8207175
1062	6	Glutamatergic Neuron	3	-	0.9629671
1063	3	Glutamatergic Neuron	3	-	0.9913246
1064	6	GABA-ergic Neuron	2	-	0.8329051
1065	3	Glutamatergic Neuron	3	-	0.9976325
1066	6	Glutamatergic Neuron	3	-	0.9909789
1067	6	Microglia	4	-	0.4801003
1068	6	GABA-ergic Neuron	2	-	0.9760279
1069	6	GABA-ergic Neuron	2	-	0.9900919
1070	8	Oligodendrocyte.2	6	-	0.3352456
1071	1	Glutamatergic Neuron	3	-	0.8406398
1072	8	Oligodendrocyte.3	7	-	0.4374360
1073	6	GABA-ergic Neuron	2	-	0.6874886
1074	6	GABA-ergic Neuron	2	-	0.9113846
1075	6	GABA-ergic Neuron	2	-	0.8773778
1076	6	Glutamatergic Neuron	3	-	0.5021293
1077	6	GABA-ergic Neuron	2	-	0.5834221
1078	6	GABA-ergic Neuron	2	-	0.8652823
1079	6	GABA-ergic Neuron	2	-	0.9845659
1080	6	Glutamatergic Neuron	3	-	0.9009732
1081	6	GABA-ergic Neuron	2	-	0.5749020
1082	6	GABA-ergic Neuron	2	-	0.9860059
1083	6	Glutamatergic Neuron	3	-	0.7248876
1084	4	Glutamatergic Neuron	3	-	0.9387143
1085	6	GABA-ergic Neuron	2	-	0.9138728
1086	6	GABA-ergic Neuron	2	-	0.6527942
1087	6	GABA-ergic Neuron	2	-	0.9847757
1088	6	Glutamatergic Neuron	3	-	0.6723799
1089	6	Oligodendrocyte.3	7	-	0.5723265
1090	6	GABA-ergic Neuron	2	-	0.6548342
1091	6	Glutamatergic Neuron	3	-	0.8512006
1092	4	GABA-ergic Neuron	2	-	0.9903240
1093	1	GABA-ergic Neuron	2	-	0.9117043
1094	1	Glutamatergic Neuron	3	-	0.9685012
1095	1	GABA-ergic Neuron	2	-	0.8049925
1096	6	GABA-ergic Neuron	2	-	0.5730539
1097	6	GABA-ergic Neuron	2	-	0.7388245
1098	6	GABA-ergic Neuron	2	-	0.6172521
1099	6	Glutamatergic Neuron	3	-	0.9810913
1100	6	GABA-ergic Neuron	2	-	0.8150786
1101	6	Glutamatergic Neuron	3	-	0.7017370
1102	1	Glutamatergic Neuron	3	-	0.7535649
1103	6	Glutamatergic Neuron	3	-	0.8833277
1104	6	Glutamatergic Neuron	3	-	0.6411359
1105	6	Glutamatergic Neuron	3	-	0.8985216
1106	1	Glutamatergic Neuron	3	-	0.9790675
1107	6	Glutamatergic Neuron	3	-	0.6832052
1108	9	Glutamatergic Neuron	3	-	0.9924263
1109	9	Glutamatergic Neuron	3	-	0.9996818
1110	9	Oligodendrocyte.3	7	-	0.4163601
1111	2	Glutamatergic Neuron	3	-	0.9533702
1112	4	Glutamatergic Neuron	3	-	0.9554058
1113	1	Glutamatergic Neuron	3	-	0.9334648
1114	9	Glutamatergic Neuron	3	-	0.9936114
1115	6	Glutamatergic Neuron	3	-	0.9976603
1116	6	Glutamatergic Neuron	3	-	0.9058904
1117	6	Glutamatergic Neuron	3	-	0.9788760
1118	8	GABA-ergic Neuron	2	-	0.8174855
1119	8	Glutamatergic Neuron	3	-	0.8184704
1120	8	Glutamatergic Neuron	3	-	0.6407306
1121	8	Microglia	4	-	0.6122810
1122	8	GABA-ergic Neuron	2	-	0.8697423
1123	8	Oligodendrocyte.2	6	-	0.3205638
1124	8	GABA-ergic Neuron	2	-	0.8613449
1125	8	Glutamatergic Neuron	3	-	0.9638114
1126	1	Glutamatergic Neuron	3	-	0.6526095
1127	1	GABA-ergic Neuron	2	-	0.8103204
1128	1	Glutamatergic Neuron	3	-	0.9512674
1129	1	Glutamatergic Neuron	3	-	0.5279434
1130	1	GABA-ergic Neuron	2	-	0.8079241
1131	1	Glutamatergic Neuron	3	-	0.9889994
1132	8	Glutamatergic Neuron	3	-	0.9131351
1133	1	Glutamatergic Neuron	3	-	0.9157629
1134	8	Oligodendrocyte.1	5	-	0.3489585
1135	8	Glutamatergic Neuron	3	-	0.7452690
1136	8	GABA-ergic Neuron	2	-	0.6681133
1137	8	Microglia	4	-	0.5821608
1138	8	Glutamatergic Neuron	3	-	0.5566465
1139	8	Glutamatergic Neuron	3	-	0.9963888
1140	8	Glutamatergic Neuron	3	-	0.4551994
1141	8	Oligodendrocyte.3	7	-	0.5054011
1142	8	Glutamatergic Neuron	3	-	0.8212563
1143	8	GABA-ergic Neuron	2	-	0.5259333
1144	8	GABA-ergic Neuron	2	-	0.5527522
1145	8	Glutamatergic Neuron	3	-	0.5696036
1146	8	GABA-ergic Neuron	2	-	0.3780433
1147	8	Oligodendrocyte.1	5	-	0.4698407
1148	8	GABA-ergic Neuron	2	-	0.4562592
1149	8	GABA-ergic Neuron	2	-	0.6178642
1150	1	Glutamatergic Neuron	3	-	0.9160005
1151	1	Glutamatergic Neuron	3	-	0.9831636
1152	1	Glutamatergic Neuron	3	-	0.9937778
1153	3	Astrocyte	0	-	0.4611698
1154	1	Glutamatergic Neuron	3	-	0.9830861
1155	1	Glutamatergic Neuron	3	-	0.6162148
1156	1	Glutamatergic Neuron	3	-	0.9922670
1157	8	Glutamatergic Neuron	3	-	0.5977598
1158	3	Glutamatergic Neuron	3	-	0.6813526
1159	1	Glutamatergic Neuron	3	-	0.9784389
1160	5	GABA-ergic Neuron	2	-	0.9931549
1161	1	Glutamatergic Neuron	3	-	0.9606099
1162	6	Glutamatergic Neuron	3	-	0.4249016
1163	5	Glutamatergic Neuron	3	-	0.5179655
1164	5	Glutamatergic Neuron	3	-	0.8360170
1165	5	Glutamatergic Neuron	3	-	0.8654568
1166	5	Glutamatergic Neuron	3	-	0.5315790
1167	5	Glutamatergic Neuron	3	-	0.5146663
1168	5	Glutamatergic Neuron	3	-	0.4421721
1169	5	Glutamatergic Neuron	3	-	0.7521758
1170	5	Glutamatergic Neuron	3	-	0.6316472
1171	5	Glutamatergic Neuron	3	-	0.7995823
1172	5	GABA-ergic Neuron	2	-	0.5617635
1173	5	Glutamatergic Neuron	3	-	0.6092307
1174	5	Glutamatergic Neuron	3	-	0.8695096
1175	5	Glutamatergic Neuron	3	-	0.8416518
1176	5	Glutamatergic Neuron	3	-	0.8720609
1177	5	Glutamatergic Neuron	3	-	0.6603086
1178	5	Astrocyte	0	-	0.3803197
1179	5	Glutamatergic Neuron	3	-	0.8540954
1180	1	Glutamatergic Neuron	3	-	0.6498623
1181	5	Microglia	4	-	0.4084834
1182	5	Glutamatergic Neuron	3	-	0.6469315
1183	1	GABA-ergic Neuron	2	-	0.7358139
1184	9	Glutamatergic Neuron	3	-	0.9991527
1185	9	GABA-ergic Neuron	2	-	0.5289250
1186	9	Glutamatergic Neuron	3	-	0.9991860
1187	1	GABA-ergic Neuron	2	-	0.9352926
1188	9	Oligodendrocyte.2	6	-	0.4713706
1189	9	Glutamatergic Neuron	3	-	0.9990813
1190	9	Glutamatergic Neuron	3	-	0.9982957
1191	9	Glutamatergic Neuron	3	-	0.9612936
1192	9	Glutamatergic Neuron	3	-	0.9998152
1193	7	GABA-ergic Neuron	2	-	0.9993760
1194	4	Glutamatergic Neuron	3	-	0.8577835
1195	7	Glutamatergic Neuron	3	-	0.9811532
1196	4	Glutamatergic Neuron	3	-	0.9970896
1197	4	Glutamatergic Neuron	3	-	0.9963743
1198	1	Glutamatergic Neuron	3	-	0.9544404
1199	1	Glutamatergic Neuron	3	-	0.9950372
1200	4	Glutamatergic Neuron	3	-	0.6615264
1201	2	GABA-ergic Neuron	2	-	0.7660171
1202	4	Glutamatergic Neuron	3	-	0.9961597
1203	4	Glutamatergic Neuron	3	-	0.9985272
1204	9	Glutamatergic Neuron	3	-	0.9967580
1205	3	GABA-ergic Neuron	2	-	0.7992404
1206	3	Microglia	4	-	0.6637134
1207	4	Glutamatergic Neuron	3	-	0.9466026
1208	2	Glutamatergic Neuron	3	-	0.9964499
1209	3	Glutamatergic Neuron	3	-	0.9863081
1210	3	Oligodendrocyte.3	7	-	0.4869327
1211	9	Glutamatergic Neuron	3	-	0.9702581
1212	4	GABA-ergic Neuron	2	-	0.9794671
1213	3	Glutamatergic Neuron	3	-	0.9176753
1214	4	Glutamatergic Neuron	3	-	0.9162258
1215	4	Glutamatergic Neuron	3	-	0.9758995
1216	2	Glutamatergic Neuron	3	-	0.9848227
1217	2	GABA-ergic Neuron	2	-	0.5172822
1218	4	Glutamatergic Neuron	3	-	0.9975240
1219	4	Glutamatergic Neuron	3	-	0.9996806
1220	4	Astrocyte	0	-	0.4977193
1221	4	Glutamatergic Neuron	3	-	0.9934363
1222	6	GABA-ergic Neuron	2	-	0.9089400
1223	9	Glutamatergic Neuron	3	-	0.9070979
1224	2	Glutamatergic Neuron	3	-	0.8189380
1225	4	Glutamatergic Neuron	3	-	0.7343341
1226	3	GABA-ergic Neuron	2	-	0.6592654
1227	1	Glutamatergic Neuron	3	-	0.9898760
1228	4	GABA-ergic Neuron	2	-	0.9926107
1229	9	Glutamatergic Neuron	3	-	0.8283998
1230	2	Glutamatergic Neuron	3	-	0.8035655
1231	2	Glutamatergic Neuron	3	-	0.9875902
1232	7	GABA-ergic Neuron	2	-	0.9535227
1233	2	Glutamatergic Neuron	3	-	0.7025620
1234	1	Glutamatergic Neuron	3	-	0.9166955
1235	9	Glutamatergic Neuron	3	-	0.9985209
1236	8	GABA-ergic Neuron	2	-	0.7958818
1237	3	Glutamatergic Neuron	3	-	0.9804316
1238	2	Glutamatergic Neuron	3	-	0.9862057
1239	2	GABA-ergic Neuron	2	-	0.8477061
1240	2	GABA-ergic Neuron	2	-	0.6535527
1241	4	Glutamatergic Neuron	3	-	0.9607225
1242	2	Astrocyte	0	-	0.5710531
1243	2	Astrocyte	0	-	0.6719235
1244	3	GABA-ergic Neuron	2	-	0.9688665
1245	7	GABA-ergic Neuron	2	-	0.4328525
1246	8	Astrocyte	0	-	0.8324922
1247	2	Glutamatergic Neuron	3	-	0.9988861
1248	2	GABA-ergic Neuron	2	-	0.6475787
1249	8	GABA-ergic Neuron	2	-	0.7862305
1250	2	Astrocyte	0	-	0.8520634
1251	7	Glutamatergic Neuron	3	-	0.9673180
1252	8	GABA-ergic Neuron	2	-	0.8841038
1253	1	Glutamatergic Neuron	3	-	0.5637697
1254	8	Astrocyte	0	-	0.4191322
1255	2	Glutamatergic Neuron	3	-	0.8928047
1256	1	GABA-ergic Neuron	2	-	0.8912293
1257	4	Glutamatergic Neuron	3	-	0.9486143
1258	7	GABA-ergic Neuron	2	-	0.9954096
1259	7	GABA-ergic Neuron	2	-	0.7233779
1260	2	GABA-ergic Neuron	2	-	0.9689795
1261	6	GABA-ergic Neuron	2	-	0.9901606
1262	4	GABA-ergic Neuron	2	-	0.8906483
1263	2	GABA-ergic Neuron	2	-	0.7241125
1264	2	Glutamatergic Neuron	3	-	0.9942702
1265	2	Glutamatergic Neuron	3	-	0.9237385
1266	2	Glutamatergic Neuron	3	-	0.8888104
1267	2	Glutamatergic Neuron	3	-	0.8662069
1268	2	GABA-ergic Neuron	2	-	0.8647119
1269	9	Glutamatergic Neuron	3	-	0.9310384
1270	9	GABA-ergic Neuron	2	-	0.5916370
1271	9	Glutamatergic Neuron	3	-	0.9898868
1272	9	Glutamatergic Neuron	3	-	0.9988916
1273	9	Glutamatergic Neuron	3	-	0.9951385
1274	9	Glutamatergic Neuron	3	-	0.9216425
1275	9	Glutamatergic Neuron	3	-	0.9559834
1276	9	Glutamatergic Neuron	3	-	0.9985055
1277	9	GABA-ergic Neuron	2	-	0.9650786
1278	9	Glutamatergic Neuron	3	-	0.9443340
1279	7	GABA-ergic Neuron	2	-	0.9006619
1280	7	Glutamatergic Neuron	3	-	0.6864801
1281	7	Glutamatergic Neuron	3	-	0.9998238
1282	9	Oligodendrocyte.3	7	-	0.6129663
1283	6	Glutamatergic Neuron	3	-	0.5491214
1284	7	Glutamatergic Neuron	3	-	0.9320001
1285	7	Glutamatergic Neuron	3	-	0.6684841
1286	7	Glutamatergic Neuron	3	-	0.7442277
1287	4	GABA-ergic Neuron	2	-	0.9985921
1288	9	Glutamatergic Neuron	3	-	0.9977966
1289	6	Glutamatergic Neuron	3	-	0.7499761
1290	9	GABA-ergic Neuron	2	-	0.9981041
1291	9	GABA-ergic Neuron	2	-	0.7873114
1292	6	Glutamatergic Neuron	3	-	0.9974740
1293	7	Glutamatergic Neuron	3	-	0.9939327
1294	7	Astrocyte	0	-	0.6315272
1295	4	Glutamatergic Neuron	3	-	0.9449850
1296	2	GABA-ergic Neuron	2	-	0.9977071
1297	7	Glutamatergic Neuron	3	-	0.9837056
1298	2	Glutamatergic Neuron	3	-	0.9566618
1299	4	Glutamatergic Neuron	3	-	0.9847172
1300	2	GABA-ergic Neuron	2	-	0.5466935
1301	6	GABA-ergic Neuron	2	-	0.9822259
1302	4	Glutamatergic Neuron	3	-	0.9952660
1303	2	GABA-ergic Neuron	2	-	0.8367804
1304	4	Astrocyte	0	-	0.7446665
1305	6	GABA-ergic Neuron	2	-	0.9934198
1306	4	Glutamatergic Neuron	3	-	0.9701577
1307	6	GABA-ergic Neuron	2	-	0.9487639
1308	9	Glutamatergic Neuron	3	-	0.9844964
1309	9	Glutamatergic Neuron	3	-	0.9948235
1310	6	Glutamatergic Neuron	3	-	0.9572498
1311	6	GABA-ergic Neuron	2	-	0.9873175
1312	1	Glutamatergic Neuron	3	-	0.9811780
1313	4	Glutamatergic Neuron	3	-	0.9997805
1314	4	Glutamatergic Neuron	3	-	0.9969345
1315	1	GABA-ergic Neuron	2	-	0.9397403
1316	9	Glutamatergic Neuron	3	-	0.7811112
1317	9	Astrocyte	0	-	0.5143337
1318	9	Glutamatergic Neuron	3	-	0.9932761
1319	9	GABA-ergic Neuron	2	-	0.9809836
1320	6	Glutamatergic Neuron	3	-	0.9903138
1321	6	Glutamatergic Neuron	3	-	0.7572285
1322	9	Glutamatergic Neuron	3	-	0.6824692
1323	6	Glutamatergic Neuron	3	-	0.4353307
1324	9	Glutamatergic Neuron	3	-	0.8461172
1325	9	GABA-ergic Neuron	2	-	0.8146854
1326	2	GABA-ergic Neuron	2	-	0.9335458
1327	9	Astrocyte	0	-	0.8781021
1328	6	Glutamatergic Neuron	3	-	0.9255977
1329	9	Astrocyte	0	-	0.4548953
1330	9	Glutamatergic Neuron	3	-	0.9634057
1331	9	Glutamatergic Neuron	3	-	0.9332357
1332	9	Astrocyte	0	-	0.6234350
1333	9	Glutamatergic Neuron	3	-	0.9617663
1334	6	GABA-ergic Neuron	2	-	0.8560082
1335	6	GABA-ergic Neuron	2	-	0.9979676
1336	6	GABA-ergic Neuron	2	-	0.9639127
1337	6	Glutamatergic Neuron	3	-	0.9953823
1338	7	Glutamatergic Neuron	3	-	0.9999457
1339	7	Glutamatergic Neuron	3	-	0.9954783
1340	7	GABA-ergic Neuron	2	-	0.9658669
1341	6	GABA-ergic Neuron	2	-	0.6210968
1342	6	GABA-ergic Neuron	2	-	0.9778273
1343	7	GABA-ergic Neuron	2	-	0.7952577
1344	6	GABA-ergic Neuron	2	-	0.9986596
1345	6	Glutamatergic Neuron	3	-	0.9794214
1346	6	Glutamatergic Neuron	3	-	0.9888415
1347	7	Glutamatergic Neuron	3	-	0.7157416
1348	7	GABA-ergic Neuron	2	-	0.5466974
1349	7	GABA-ergic Neuron	2	-	0.9923066
1350	6	GABA-ergic Neuron	2	-	0.5037644
1351	6	GABA-ergic Neuron	2	-	0.9443614
1352	6	GABA-ergic Neuron	2	-	0.9035515
1353	6	Glutamatergic Neuron	3	-	0.7136310
1354	7	Oligodendrocyte.1	5	-	0.6600062
1355	7	GABA-ergic Neuron	2	-	0.9256365
1356	6	GABA-ergic Neuron	2	-	0.9889464
1357	6	Glutamatergic Neuron	3	-	0.7126658
1358	6	Astrocyte	0	-	0.3908852
1359	7	GABA-ergic Neuron	2	-	0.9699293
1360	7	Glutamatergic Neuron	3	-	0.9941008
1361	7	Glutamatergic Neuron	3	-	0.9026023
1362	7	Astrocyte	0	-	0.5263165
1363	6	Glutamatergic Neuron	3	-	0.9417212
1364	7	GABA-ergic Neuron	2	-	0.9976531
1365	7	GABA-ergic Neuron	2	-	0.9067752
1366	7	GABA-ergic Neuron	2	-	0.9842104
1367	7	Glutamatergic Neuron	3	-	0.8406559
1368	7	GABA-ergic Neuron	2	-	0.9314439
1369	6	GABA-ergic Neuron	2	-	0.9984695
1370	6	Glutamatergic Neuron	3	-	0.7597178
1371	6	GABA-ergic Neuron	2	-	0.9265240
1372	6	GABA-ergic Neuron	2	-	0.5112320
1373	7	Glutamatergic Neuron	3	-	0.9257042
1374	6	GABA-ergic Neuron	2	-	0.9667342
1375	7	Glutamatergic Neuron	3	-	0.9009623
1376	7	Glutamatergic Neuron	3	-	0.9889442
1377	7	Astrocyte	0	-	0.8384153
1378	7	Glutamatergic Neuron	3	-	0.9981504
1379	7	GABA-ergic Neuron	2	-	0.9523695
1380	9	Glutamatergic Neuron	3	-	0.9983451
1381	6	Glutamatergic Neuron	3	-	0.9961255
1382	7	Glutamatergic Neuron	3	-	0.9626843
1383	6	Glutamatergic Neuron	3	-	0.9967464
1384	9	Glutamatergic Neuron	3	-	0.9976695
1385	6	Glutamatergic Neuron	3	-	0.9421158
1386	6	Glutamatergic Neuron	3	-	0.9995065
1387	9	Glutamatergic Neuron	3	-	0.9990652
1388	9	Glutamatergic Neuron	3	-	0.9988438
1389	4	GABA-ergic Neuron	2	-	0.8400316
1390	2	Glutamatergic Neuron	3	-	0.9986343
1391	7	Astrocyte	0	-	0.7584541
1392	7	Glutamatergic Neuron	3	-	0.9191091
1393	9	Glutamatergic Neuron	3	-	0.9687956
1394	9	Glutamatergic Neuron	3	-	0.9988066
1395	6	Glutamatergic Neuron	3	-	0.9678683
1396	9	Glutamatergic Neuron	3	-	0.9986593
1397	7	Glutamatergic Neuron	3	-	0.5789889
1398	6	Glutamatergic Neuron	3	-	0.9889821
1399	4	Glutamatergic Neuron	3	-	0.9986058
1400	6	GABA-ergic Neuron	2	-	0.5251725
1401	4	GABA-ergic Neuron	2	-	0.9884748
1402	9	Glutamatergic Neuron	3	-	0.9993048
1403	2	Glutamatergic Neuron	3	-	0.8233680
1404	2	Glutamatergic Neuron	3	-	0.9992881
1405	4	Glutamatergic Neuron	3	-	0.8425502
1406	7	Oligodendrocyte.2	6	-	0.6271853
1407	6	Glutamatergic Neuron	3	-	0.9405652
1408	4	Glutamatergic Neuron	3	-	0.8683024
1409	2	Glutamatergic Neuron	3	-	0.9985196
1410	2	Glutamatergic Neuron	3	-	0.9769172
1411	6	Glutamatergic Neuron	3	-	0.9379089
1412	9	Glutamatergic Neuron	3	-	0.8579264
1413	9	Astrocyte	0	-	0.9648162
1414	4	Glutamatergic Neuron	3	-	0.6692349
1415	4	Glutamatergic Neuron	3	-	0.9997574
1416	7	Glutamatergic Neuron	3	-	0.7417391
1417	7	Glutamatergic Neuron	3	-	0.8544105
1418	6	Astrocyte	0	-	0.8276163
1419	6	Glutamatergic Neuron	3	-	0.3500278
1420	6	Glutamatergic Neuron	3	-	0.9792959
1421	6	GABA-ergic Neuron	2	-	0.7585910
1422	9	Glutamatergic Neuron	3	-	0.9994684
1423	6	Glutamatergic Neuron	3	-	0.9955422
1424	6	Astrocyte	0	-	0.8693674
1425	6	Glutamatergic Neuron	3	-	0.9988244
1426	6	Glutamatergic Neuron	3	-	0.9860697
1427	2	Glutamatergic Neuron	3	-	0.9870276
1428	7	Astrocyte	0	-	0.6887157
1429	4	Glutamatergic Neuron	3	-	0.8813001
1430	6	GABA-ergic Neuron	2	-	0.9643749
1431	6	GABA-ergic Neuron	2	-	0.9603155
1432	6	Glutamatergic Neuron	3	-	0.9840424
1433	6	GABA-ergic Neuron	2	-	0.8253797
1434	6	Glutamatergic Neuron	3	-	0.8914076
1435	6	Glutamatergic Neuron	3	-	0.8206321
1436	6	Glutamatergic Neuron	3	-	0.5835165
1437	6	Glutamatergic Neuron	3	-	0.9981888
1438	6	Glutamatergic Neuron	3	-	0.9192548
1439	6	Glutamatergic Neuron	3	-	0.9282987
1440	6	Glutamatergic Neuron	3	-	0.9998853
1441	6	Glutamatergic Neuron	3	-	0.7046268
1442	6	Glutamatergic Neuron	3	-	0.8255139
1443	6	Glutamatergic Neuron	3	-	0.9997438
1444	6	GABA-ergic Neuron	2	-	0.9402431
1445	6	GABA-ergic Neuron	2	-	0.8993783
1446	6	Glutamatergic Neuron	3	-	0.9972987
1447	6	Glutamatergic Neuron	3	-	0.9984713
1448	6	Glutamatergic Neuron	3	-	0.9924636
1449	6	Glutamatergic Neuron	3	-	0.9497671
1450	6	Glutamatergic Neuron	3	-	0.9938861
1451	6	Glutamatergic Neuron	3	-	0.9930598
1452	6	Glutamatergic Neuron	3	-	0.9982496
1453	6	Glutamatergic Neuron	3	-	0.9986886
1454	6	Glutamatergic Neuron	3	-	0.9697423
1455	7	Glutamatergic Neuron	3	-	0.9969679
1456	7	Glutamatergic Neuron	3	-	0.9975841
1457	4	Glutamatergic Neuron	3	-	0.9998384
1458	7	Glutamatergic Neuron	3	-	0.7991184
1459	6	Glutamatergic Neuron	3	-	0.9969816
1460	7	Glutamatergic Neuron	3	-	0.8958213
1461	6	GABA-ergic Neuron	2	-	0.9911401
1462	6	Glutamatergic Neuron	3	-	0.7682198
1463	6	Glutamatergic Neuron	3	-	0.9900385
1464	6	Glutamatergic Neuron	3	-	0.9945774
1465	6	Glutamatergic Neuron	3	-	0.9843792
1466	6	Glutamatergic Neuron	3	-	0.6475041
1467	6	GABA-ergic Neuron	2	-	0.9861985
1468	6	Glutamatergic Neuron	3	-	0.9944007
1469	6	Glutamatergic Neuron	3	-	0.9766715
1470	6	GABA-ergic Neuron	2	-	0.9745110
1471	6	Glutamatergic Neuron	3	-	0.9927982
1472	6	GABA-ergic Neuron	2	-	0.9599847
1473	6	Glutamatergic Neuron	3	-	0.9790598
1474	6	Glutamatergic Neuron	3	-	0.9985800
1475	6	Glutamatergic Neuron	3	-	0.9995333
1476	6	Glutamatergic Neuron	3	-	0.9990598
1477	6	Glutamatergic Neuron	3	-	0.9839762
1478	6	Glutamatergic Neuron	3	-	0.9415553
1479	6	GABA-ergic Neuron	2	-	0.5237167
1480	6	GABA-ergic Neuron	2	-	0.9732020
1481	6	Glutamatergic Neuron	3	-	0.5425011
1482	6	GABA-ergic Neuron	2	-	0.9422566
1483	1	Endothelial Cell	1	-	0.5423996
1484	6	GABA-ergic Neuron	2	-	0.9958272
1485	6	GABA-ergic Neuron	2	-	0.7732212
1486	6	Glutamatergic Neuron	3	-	0.9803578
1487	2	Glutamatergic Neuron	3	-	0.9740933
1488	3	Glutamatergic Neuron	3	-	0.8669359
1489	6	GABA-ergic Neuron	2	-	0.9036478
1490	6	Glutamatergic Neuron	3	-	0.9830272
1491	8	GABA-ergic Neuron	2	-	0.8395596
1492	3	GABA-ergic Neuron	2	-	0.6814464
1493	5	Glutamatergic Neuron	3	-	0.7832120
1494	1	Glutamatergic Neuron	3	-	0.9853619
1495	1	Glutamatergic Neuron	3	-	0.9957132
1496	3	Glutamatergic Neuron	3	-	0.6296432
1497	8	GABA-ergic Neuron	2	-	0.6436289
1498	8	Glutamatergic Neuron	3	-	0.9616230
1499	3	Glutamatergic Neuron	3	-	0.8435457
1500	8	Glutamatergic Neuron	3	-	0.9945533
1501	8	Glutamatergic Neuron	3	-	0.5661941
1502	3	Glutamatergic Neuron	3	-	0.9444422
1503	3	GABA-ergic Neuron	2	-	0.9961388
1504	8	GABA-ergic Neuron	2	-	0.9818785
1505	3	GABA-ergic Neuron	2	-	0.4649271
1506	1	GABA-ergic Neuron	2	-	0.5345848
1507	1	Glutamatergic Neuron	3	-	0.9885324
1508	1	Glutamatergic Neuron	3	-	0.9967177
1509	8	Oligodendrocyte.3	7	-	0.5217323
1510	3	Glutamatergic Neuron	3	-	0.9346121
1511	8	GABA-ergic Neuron	2	-	0.7272777
1512	8	Glutamatergic Neuron	3	-	0.7208034
1513	8	GABA-ergic Neuron	2	-	0.8029198
1514	8	GABA-ergic Neuron	2	-	0.6879774
1515	3	Glutamatergic Neuron	3	-	0.9950502
1516	8	Astrocyte	0	-	0.4694806
1517	8	Glutamatergic Neuron	3	-	0.8215274
1518	3	Astrocyte	0	-	0.8579645
1519	3	GABA-ergic Neuron	2	-	0.9901349
1520	1	Glutamatergic Neuron	3	-	0.9853879
1521	1	Glutamatergic Neuron	3	-	0.8932149
1522	7	Glutamatergic Neuron	3	-	0.9931206
1523	1	GABA-ergic Neuron	2	-	0.8089323
1524	8	GABA-ergic Neuron	2	-	0.9085255
1525	1	Glutamatergic Neuron	3	-	0.4770176
1526	8	GABA-ergic Neuron	2	-	0.6924921
1527	3	Glutamatergic Neuron	3	-	0.7453986
1528	8	GABA-ergic Neuron	2	-	0.5628392
1529	8	Glutamatergic Neuron	3	-	0.4023953
1530	8	Glutamatergic Neuron	3	-	0.5048933
1531	3	Glutamatergic Neuron	3	-	0.9362960
1532	3	Glutamatergic Neuron	3	-	0.8810724
1533	8	Glutamatergic Neuron	3	-	0.5569409
1534	8	Oligodendrocyte.3	7	-	0.5752881
1535	1	Glutamatergic Neuron	3	-	0.8484707
1536	1	Glutamatergic Neuron	3	-	0.9762524
1537	1	Glutamatergic Neuron	3	-	0.9000273
1538	8	GABA-ergic Neuron	2	-	0.9291030
1539	8	GABA-ergic Neuron	2	-	0.9002467
1540	8	Glutamatergic Neuron	3	-	0.9547479
1541	8	GABA-ergic Neuron	2	-	0.8637501
1542	8	Glutamatergic Neuron	3	-	0.6527101
1543	8	Glutamatergic Neuron	3	-	0.8564535
1544	8	GABA-ergic Neuron	2	-	0.9624452
1545	8	Oligodendrocyte.3	7	-	0.6598998
1546	8	GABA-ergic Neuron	2	-	0.9761029
1547	1	Glutamatergic Neuron	3	-	0.9891895
1548	8	GABA-ergic Neuron	2	-	0.5606965
1549	8	GABA-ergic Neuron	2	-	0.9080658
1550	8	Glutamatergic Neuron	3	-	0.6369869
1551	8	Glutamatergic Neuron	3	-	0.8762129
1552	1	Glutamatergic Neuron	3	-	0.9468350
1553	8	Astrocyte	0	-	0.8522340
1554	1	Glutamatergic Neuron	3	-	0.9771113
1555	1	Glutamatergic Neuron	3	-	0.9899714
1556	3	Astrocyte	0	-	0.6105701
1557	3	Astrocyte	0	-	0.7356408
1558	8	Glutamatergic Neuron	3	-	0.7482385
1559	8	Oligodendrocyte.3	7	-	0.5310979
1560	1	Glutamatergic Neuron	3	-	0.6043820
1561	8	Astrocyte	0	-	0.5941456
1562	8	Glutamatergic Neuron	3	-	0.9897847
1563	8	GABA-ergic Neuron	2	-	0.8219796
1564	8	GABA-ergic Neuron	2	-	0.8816539
1565	3	Glutamatergic Neuron	3	-	0.9519683
1566	3	Astrocyte	0	-	0.7736100
1567	3	Glutamatergic Neuron	3	-	0.8315013
1568	8	Glutamatergic Neuron	3	-	0.5517163
1569	1	GABA-ergic Neuron	2	-	0.7886189
1570	8	GABA-ergic Neuron	2	-	0.9677776
1571	5	Glutamatergic Neuron	3	-	0.6187645
1572	3	Glutamatergic Neuron	3	-	0.9336297
1573	5	Glutamatergic Neuron	3	-	0.9762608
1574	5	Glutamatergic Neuron	3	-	0.9438539
1575	5	Glutamatergic Neuron	3	-	0.9711778
1576	4	Glutamatergic Neuron	3	-	0.5486087
1577	2	Glutamatergic Neuron	3	-	0.9483944
1578	5	Glutamatergic Neuron	3	-	0.9421147
1579	9	Glutamatergic Neuron	3	-	0.9960975
1580	3	Astrocyte	0	-	0.8866379
1581	3	Glutamatergic Neuron	3	-	0.5050343
1582	3	GABA-ergic Neuron	2	-	0.4824324
1583	3	Glutamatergic Neuron	3	-	0.9736857
1584	9	Glutamatergic Neuron	3	-	0.9360599
1585	3	GABA-ergic Neuron	2	-	0.9759548
1586	5	GABA-ergic Neuron	2	-	0.8605110
1587	8	GABA-ergic Neuron	2	-	0.7408089
1588	8	Astrocyte	0	-	0.8281821
1589	1	Glutamatergic Neuron	3	-	0.8332319
1590	4	Astrocyte	0	-	0.6281847
1591	5	Glutamatergic Neuron	3	-	0.7345411
1592	5	Glutamatergic Neuron	3	-	0.9967641
1593	5	Glutamatergic Neuron	3	-	0.6134038
1594	5	Glutamatergic Neuron	3	-	0.9863979
1595	4	Glutamatergic Neuron	3	-	0.9792644
1596	3	GABA-ergic Neuron	2	-	0.9952376
1597	8	GABA-ergic Neuron	2	-	0.9959324
