Astrocyte	Calb2_tdTpositive_cell_46	upper
Astrocyte	Calb2_tdTpositive_cell_48	upper
Astrocyte	Calb2_tdTpositive_cell_50	lower
Astrocyte	Calb2_tdTpositive_cell_53	lower
Astrocyte	Calb2_tdTpositive_cell_58	lower
Astrocyte	Cux2_tdTnegative_cell_2	L1-L2/3
Astrocyte	Cux2_tdTnegative_cell_3	L1-L2/3
Astrocyte	Cux2_tdTnegative_cell_4	L1-L2/3
Astrocyte	Cux2_tdTnegative_cell_7	L1-L2/3
Astrocyte	Cux2_tdTnegative_cell_11	L1-L2/3
Astrocyte	Cux2_tdTnegative_cell_13	L1-L2/3
Astrocyte	Gad2_tdTpositive_cell_16	All
Astrocyte	Gad2_tdTpositive_cell_24	All
Astrocyte	Gad2_tdTpositive_cell_30	All
Astrocyte	Gad2_tdTpositive_cell_39	All
Astrocyte	Gad2_tdTpositive_cell_41	All
Astrocyte	Ndnf_tdTnegative_cell_1	L1
Astrocyte	Ndnf_tdTnegative_cell_4	L1
Astrocyte	Ndnf_tdTnegative_cell_5	L1
Astrocyte	Ndnf_tdTnegative_cell_6	L1
Astrocyte	Ndnf_tdTnegative_cell_7	L1
Astrocyte	Ndnf_tdTnegative_cell_10	L1
Astrocyte	Ntsr1_tdTnegative_cell_11	L6a
Astrocyte	Ntsr1_tdTnegative_cell_14	L6a
Astrocyte	Ntsr1_tdTnegative_cell_17	L6a
Astrocyte	Ntsr1_tdTnegative_cell_20	L6a
Astrocyte	Ntsr1_tdTnegative_cell_21	L6a
Astrocyte	Ntsr1_tdTnegative_cell_25	L6a
Astrocyte	Ntsr1_tdTnegative_cell_26	L6a
Astrocyte	Ntsr1_tdTnegative_cell_27	L6a
Astrocyte	Ntsr1_tdTnegative_cell_30	L6a
Astrocyte	Ntsr1_tdTnegative_cell_33	L6a
Astrocyte	Ntsr1_tdTnegative_cell_45	L6
Astrocyte	Rorb_tdTpositive_cell_39	L5
Astrocyte	Rorb_tdTpositive_cell_47	L5
Astrocyte	Rorb_tdTpositive_cell_54	L5
Astrocyte	Scnn1a-Tg2_tdTnegative_cell_3	L1
Astrocyte	Scnn1a-Tg2_tdTnegative_cell_4	L1
Astrocyte	Scnn1a-Tg2_tdTnegative_cell_5	L1
Astrocyte	Scnn1a-Tg2_tdTnegative_cell_6	L1
Astrocyte	Scnn1a-Tg2_tdTnegative_cell_16	L1
Astrocyte	Scnn1a-Tg2_tdTnegative_cell_18	L1
Astrocyte	Scnn1a-Tg2_tdTnegative_cell_19	L1
GABA-ergic Neuron	Gad2_tdTpositive_cell_18	All
GABA-ergic Neuron	Gad2_tdTpositive_cell_25	All
GABA-ergic Neuron	Gad2_tdTpositive_cell_26	All
GABA-ergic Neuron	Gad2_tdTpositive_cell_40	All
GABA-ergic Neuron	Gad2_tdTpositive_cell_48	All
GABA-ergic Neuron	Gad2_tdTpositive_cell_49	All
GABA-ergic Neuron	Gad2_tdTpositive_cell_62	All
GABA-ergic Neuron	Gad2_tdTpositive_cell_64	All
GABA-ergic Neuron	Gad2_tdTpositive_cell_67	All
GABA-ergic Neuron	Gad2_tdTpositive_cell_69	All
GABA-ergic Neuron	Htr3a_tdTpositive_cell_32	All
GABA-ergic Neuron	Nos1_tdTpositive_cell_36	All
GABA-ergic Neuron	Nos1_tdTpositive_cell_40	All
Endothelial Cell	Calb2_tdTpositive_cell_28	All
Endothelial Cell	Calb2_tdTpositive_cell_61	lower
Endothelial Cell	Ctgf_tdTpositive_cell_1	All
Endothelial Cell	Ctgf_tdTpositive_cell_3	All
Endothelial Cell	Ctgf_tdTpositive_cell_4	All
Endothelial Cell	Ctgf_tdTpositive_cell_9	All
Endothelial Cell	Ctgf_tdTpositive_cell_10	All
Endothelial Cell	Ndnf_tdTpositive_cell_1	All
Endothelial Cell	Ndnf_tdTpositive_cell_5	All
Endothelial Cell	Ndnf_tdTpositive_cell_6	All
Endothelial Cell	Ndnf_tdTnegative_cell_11	L1
Endothelial Cell	Nos1_tdTpositive_cell_1	All
Endothelial Cell	Nos1_tdTpositive_cell_54	All
Endothelial Cell	Nos1_tdTpositive_cell_66	All
Endothelial Cell	Ntsr1_tdTnegative_cell_29	L6a
Endothelial Cell	Ctgf_tdTpositive_cell_2	All
Endothelial Cell	Ctgf_tdTpositive_cell_5	All
Endothelial Cell	Ctgf_tdTpositive_cell_6	All
Endothelial Cell	Ctgf_tdTpositive_cell_7	All
Endothelial Cell	Ctgf_tdTpositive_cell_8	All
Endothelial Cell	Cux2_tdTnegative_cell_10	L1-L2/3
Endothelial Cell	Ndnf_tdTpositive_cell_3	All
Endothelial Cell	Ndnf_tdTpositive_cell_4	All
Endothelial Cell	Ndnf_tdTpositive_cell_7	All
Endothelial Cell	Ndnf_tdTpositive_cell_8	All
Endothelial Cell	Ndnf_tdTpositive_cell_9	All
Endothelial Cell	Ndnf_tdTpositive_cell_10	All
Endothelial Cell	Ndnf_tdTpositive_cell_11	All
Endothelial Cell	Ndnf_tdTpositive_cell_12	All
GABA-ergic Neuron	Gad2_tdTpositive_cell_5	All
GABA-ergic Neuron	Gad2_tdTpositive_cell_27	All
GABA-ergic Neuron	Nkx2-1_tdTpositive_cell_14	upper
GABA-ergic Neuron	Nkx2-1_tdTpositive_cell_21	lower
GABA-ergic Neuron	Nkx2-1_tdTpositive_cell_22	lower
GABA-ergic Neuron	Nos1_tdTpositive_cell_9	All
GABA-ergic Neuron	Nos1_tdTpositive_cell_10	All
GABA-ergic Neuron	Nos1_tdTpositive_cell_13	All
GABA-ergic Neuron	Nos1_tdTpositive_cell_31	All
GABA-ergic Neuron	Nos1_tdTpositive_cell_41	All
Glutamatergic Neuron	Calb2_tdTpositive_cell_7	All
Glutamatergic Neuron	Calb2_tdTpositive_cell_10	All
Glutamatergic Neuron	Calb2_tdTpositive_cell_30	All
Glutamatergic Neuron	Cux2_tdTpositive_cell_49	L1-L2/3
Glutamatergic Neuron	Cux2_tdTpositive_cell_88	All
Glutamatergic Neuron	Gad2_tdTpositive_cell_42	All
Glutamatergic Neuron	Gad2_tdTpositive_cell_51	All
Glutamatergic Neuron	Ndnf_tdTnegative_cell_3	L1
Glutamatergic Neuron	Ndnf_tdTnegative_cell_8	L1
Glutamatergic Neuron	Ndnf_tdTnegative_cell_9	L1
Glutamatergic Neuron	Nos1_tdTpositive_cell_43	All
Glutamatergic Neuron	Nos1_tdTpositive_cell_61	All
Glutamatergic Neuron	Nos1_tdTpositive_cell_71	All
Glutamatergic Neuron	Scnn1a-Tg2_tdTnegative_cell_2	L1
Glutamatergic Neuron	Scnn1a-Tg2_tdTnegative_cell_10	L1
Glutamatergic Neuron	Slc17a6_tdTpositive_cell_4	All
Glutamatergic Neuron	Slc17a6_tdTpositive_cell_10	All
Glutamatergic Neuron	Slc17a6_tdTpositive_cell_14	All
Glutamatergic Neuron	Slc17a6_tdTpositive_cell_35	All
Glutamatergic Neuron	Slc17a6_tdTpositive_cell_47	All
Glutamatergic Neuron	Sst_tdTpositive_cell_13	upper
Glutamatergic Neuron	Calb2_tdTpositive_cell_6	All
Glutamatergic Neuron	Calb2_tdTpositive_cell_8	All
Glutamatergic Neuron	Calb2_tdTpositive_cell_12	All
Glutamatergic Neuron	Calb2_tdTpositive_cell_14	All
Glutamatergic Neuron	Calb2_tdTpositive_cell_33	upper
Glutamatergic Neuron	Calb2_tdTpositive_cell_39	upper
Glutamatergic Neuron	Calb2_tdTpositive_cell_42	upper
Glutamatergic Neuron	Calb2_tdTpositive_cell_51	lower
Glutamatergic Neuron	Cux2_tdTpositive_cell_5	L4
Glutamatergic Neuron	Cux2_tdTpositive_cell_7	L4
Glutamatergic Neuron	Cux2_tdTpositive_cell_9	L4
Glutamatergic Neuron	Cux2_tdTpositive_cell_15	L4
Glutamatergic Neuron	Cux2_tdTpositive_cell_16	L4
Glutamatergic Neuron	Cux2_tdTpositive_cell_19	L4
Glutamatergic Neuron	Cux2_tdTpositive_cell_25	L4
Glutamatergic Neuron	Cux2_tdTpositive_cell_27	L4
Glutamatergic Neuron	Cux2_tdTpositive_cell_28	L4
Glutamatergic Neuron	Cux2_tdTpositive_cell_31	L4
Glutamatergic Neuron	Cux2_tdTpositive_cell_34	L4
Glutamatergic Neuron	Cux2_tdTpositive_cell_38	L4
Glutamatergic Neuron	Cux2_tdTpositive_cell_41	L4
Glutamatergic Neuron	Cux2_tdTpositive_cell_45	L4
Glutamatergic Neuron	Cux2_tdTpositive_cell_46	L4
Glutamatergic Neuron	Cux2_tdTpositive_cell_50	L1-L2/3
Glutamatergic Neuron	Cux2_tdTpositive_cell_54	L1-L2/3
Glutamatergic Neuron	Cux2_tdTpositive_cell_57	L1-L2/3
Glutamatergic Neuron	Cux2_tdTpositive_cell_59	L1-L2/3
Glutamatergic Neuron	Cux2_tdTpositive_cell_60	L1-L2/3
Glutamatergic Neuron	Cux2_tdTpositive_cell_62	L1-L2/3
Glutamatergic Neuron	Cux2_tdTpositive_cell_66	L1-L2/3
Glutamatergic Neuron	Cux2_tdTpositive_cell_71	L1-L2/3
Glutamatergic Neuron	Cux2_tdTpositive_cell_77	All
Glutamatergic Neuron	Cux2_tdTpositive_cell_78	All
Glutamatergic Neuron	Cux2_tdTpositive_cell_79	All
Glutamatergic Neuron	Cux2_tdTpositive_cell_81	All
Glutamatergic Neuron	Cux2_tdTpositive_cell_84	All
Glutamatergic Neuron	Cux2_tdTpositive_cell_90	All
Glutamatergic Neuron	Cux2_tdTpositive_cell_92	All
Glutamatergic Neuron	Cux2_tdTpositive_cell_94	All
Glutamatergic Neuron	Cux2_tdTpositive_cell_95	All
Glutamatergic Neuron	Cux2_tdTpositive_cell_96	All
Glutamatergic Neuron	Cux2_tdTpositive_cell_97	All
Glutamatergic Neuron	Cux2_tdTpositive_cell_99	L1-L2/3
Glutamatergic Neuron	Cux2_tdTpositive_cell_100	L1-L2/3
Glutamatergic Neuron	Cux2_tdTpositive_cell_101	L1-L2/3
Glutamatergic Neuron	Cux2_tdTpositive_cell_102	L1-L2/3
Glutamatergic Neuron	Cux2_tdTpositive_cell_103	L1-L2/3
Glutamatergic Neuron	Cux2_tdTpositive_cell_104	L1-L2/3
Glutamatergic Neuron	Cux2_tdTpositive_cell_105	L1-L2/3
Glutamatergic Neuron	Cux2_tdTpositive_cell_106	L1-L2/3
Glutamatergic Neuron	Cux2_tdTpositive_cell_107	L1-L2/3
Glutamatergic Neuron	Cux2_tdTpositive_cell_108	L1-L2/3
Glutamatergic Neuron	Cux2_tdTpositive_cell_109	L1-L2/3
Glutamatergic Neuron	Cux2_tdTpositive_cell_110	L1-L2/3
Glutamatergic Neuron	Cux2_tdTpositive_cell_111	L1-L2/3
Glutamatergic Neuron	Cux2_tdTpositive_cell_112	L1-L2/3
Glutamatergic Neuron	Cux2_tdTpositive_cell_113	L1-L2/3
Glutamatergic Neuron	Cux2_tdTpositive_cell_114	L1-L2/3
Glutamatergic Neuron	Cux2_tdTpositive_cell_115	L1-L2/3
Glutamatergic Neuron	Cux2_tdTpositive_cell_116	L1-L2/3
Glutamatergic Neuron	Cux2_tdTpositive_cell_117	L1-L2/3
Glutamatergic Neuron	Cux2_tdTpositive_cell_118	L1-L2/3
Glutamatergic Neuron	Cux2_tdTpositive_cell_119	L1-L2/3
Glutamatergic Neuron	Cux2_tdTpositive_cell_120	L1-L2/3
Glutamatergic Neuron	Cux2_tdTpositive_cell_121	L1-L2/3
Glutamatergic Neuron	Cux2_tdTpositive_cell_122	L1-L2/3
Glutamatergic Neuron	Cux2_tdTnegative_cell_8	L1-L2/3
Glutamatergic Neuron	Cux2_tdTnegative_cell_14	L1-L2/3
Glutamatergic Neuron	Gad2_tdTpositive_cell_50	All
Glutamatergic Neuron	Gad2_tdTpositive_cell_66	All
Glutamatergic Neuron	Nos1_tdTpositive_cell_23	All
Glutamatergic Neuron	Nr5a1_tdTpositive_cell_44	L4
Glutamatergic Neuron	Scnn1a-Tg2_tdTnegative_cell_7	L1
Glutamatergic Neuron	Scnn1a-Tg2_tdTnegative_cell_8	L1
Glutamatergic Neuron	Slc17a6_tdTpositive_cell_2	All
Glutamatergic Neuron	Slc17a6_tdTpositive_cell_7	All
Glutamatergic Neuron	Slc17a6_tdTpositive_cell_12	All
Glutamatergic Neuron	Slc17a6_tdTpositive_cell_15	All
Glutamatergic Neuron	Slc17a6_tdTpositive_cell_17	All
Glutamatergic Neuron	Slc17a6_tdTpositive_cell_19	All
Glutamatergic Neuron	Slc17a6_tdTpositive_cell_21	All
Glutamatergic Neuron	Slc17a6_tdTpositive_cell_22	All
Glutamatergic Neuron	Slc17a6_tdTpositive_cell_25	All
Glutamatergic Neuron	Slc17a6_tdTpositive_cell_27	All
Glutamatergic Neuron	Slc17a6_tdTpositive_cell_28	All
Glutamatergic Neuron	Slc17a6_tdTpositive_cell_29	All
Glutamatergic Neuron	Slc17a6_tdTpositive_cell_31	All
Glutamatergic Neuron	Slc17a6_tdTpositive_cell_33	All
Glutamatergic Neuron	Slc17a6_tdTpositive_cell_37	All
Glutamatergic Neuron	Slc17a6_tdTpositive_cell_38	All
Glutamatergic Neuron	Slc17a6_tdTpositive_cell_41	All
Glutamatergic Neuron	Slc17a6_tdTpositive_cell_42	All
Glutamatergic Neuron	Slc17a6_tdTpositive_cell_44	All
Glutamatergic Neuron	Slc17a6_tdTpositive_cell_46	All
Glutamatergic Neuron	Sst_tdTpositive_cell_20	upper
Glutamatergic Neuron	CAV_LP_Ipsi_tdTpos_cell_12	All
Glutamatergic Neuron	Cux2_tdTpositive_cell_6	L4
Glutamatergic Neuron	Cux2_tdTpositive_cell_23	L4
Glutamatergic Neuron	Cux2_tdTpositive_cell_35	L4
Glutamatergic Neuron	Cux2_tdTpositive_cell_36	L4
Glutamatergic Neuron	Cux2_tdTpositive_cell_43	L4
Glutamatergic Neuron	Cux2_tdTpositive_cell_70	L1-L2/3
Glutamatergic Neuron	Cux2_tdTpositive_cell_82	All
Glutamatergic Neuron	Nr5a1_tdTpositive_cell_6	L4
Glutamatergic Neuron	Nr5a1_tdTpositive_cell_15	L4
Glutamatergic Neuron	Nr5a1_tdTpositive_cell_18	L4
Glutamatergic Neuron	Nr5a1_tdTpositive_cell_20	All
Glutamatergic Neuron	Nr5a1_tdTpositive_cell_22	All
Glutamatergic Neuron	Nr5a1_tdTpositive_cell_28	All
Glutamatergic Neuron	Nr5a1_tdTpositive_cell_29	All
Glutamatergic Neuron	Nr5a1_tdTpositive_cell_32	All
Glutamatergic Neuron	Nr5a1_tdTpositive_cell_39	L4
Glutamatergic Neuron	Rbp4_tdTnegative_cell_8	L5
Glutamatergic Neuron	Rorb_tdTpositive_cell_7	L4
Glutamatergic Neuron	Rorb_tdTpositive_cell_13	L4
Glutamatergic Neuron	Rorb_tdTpositive_cell_25	L4
Glutamatergic Neuron	Rorb_tdTpositive_cell_29	L4
Glutamatergic Neuron	Rorb_tdTpositive_cell_30	L4
Glutamatergic Neuron	Rorb_tdTpositive_cell_31	L4
Glutamatergic Neuron	Rorb_tdTpositive_cell_37	L4
Glutamatergic Neuron	Scnn1a-Tg2_tdTpositive_cell_14	L4
Glutamatergic Neuron	Scnn1a-Tg2_tdTpositive_cell_16	L4
Glutamatergic Neuron	Scnn1a-Tg3_tdTpositive_cell_2	L4
Glutamatergic Neuron	Scnn1a-Tg3_tdTpositive_cell_12	L4
Glutamatergic Neuron	Scnn1a-Tg3_tdTpositive_cell_13	L4
Glutamatergic Neuron	Scnn1a-Tg3_tdTpositive_cell_18	L4
Glutamatergic Neuron	Scnn1a-Tg3_tdTpositive_cell_21	L4
Glutamatergic Neuron	Scnn1a-Tg3_tdTpositive_cell_30	L4
Glutamatergic Neuron	Scnn1a-Tg3_tdTpositive_cell_38	L4
Glutamatergic Neuron	Scnn1a-Tg3_tdTpositive_cell_40	L4
Glutamatergic Neuron	Scnn1a-Tg3_tdTpositive_cell_42	L4
Glutamatergic Neuron	Scnn1a-Tg3_tdTpositive_cell_43	L4
Glutamatergic Neuron	Scnn1a-Tg3_tdTpositive_cell_50	L4
Glutamatergic Neuron	Scnn1a-Tg3_tdTpositive_cell_54	L4
Glutamatergic Neuron	Scnn1a-Tg3_tdTpositive_cell_56	L4
Glutamatergic Neuron	Scnn1a-Tg3_tdTpositive_cell_57	L4
Glutamatergic Neuron	Scnn1a-Tg3_tdTpositive_cell_71	All
Glutamatergic Neuron	Scnn1a-Tg3_tdTpositive_cell_86	All
Glutamatergic Neuron	Scnn1a-Tg3_tdTpositive_cell_87	All
Glutamatergic Neuron	Slc17a6_tdTpositive_cell_26	All
Glutamatergic Neuron	Calb2_tdTpositive_cell_45	upper
Glutamatergic Neuron	Cux2_tdTpositive_cell_1	L4
Glutamatergic Neuron	Cux2_tdTpositive_cell_11	L4
Glutamatergic Neuron	Cux2_tdTpositive_cell_17	L4
Glutamatergic Neuron	Cux2_tdTpositive_cell_21	L4
Glutamatergic Neuron	Cux2_tdTpositive_cell_24	L4
Glutamatergic Neuron	Cux2_tdTpositive_cell_29	L4
Glutamatergic Neuron	Cux2_tdTpositive_cell_33	L4
Glutamatergic Neuron	Cux2_tdTpositive_cell_40	L4
Glutamatergic Neuron	Cux2_tdTpositive_cell_42	L4
Glutamatergic Neuron	Cux2_tdTpositive_cell_51	L1-L2/3
Glutamatergic Neuron	Cux2_tdTpositive_cell_58	L1-L2/3
Glutamatergic Neuron	Cux2_tdTpositive_cell_76	All
Glutamatergic Neuron	Cux2_tdTpositive_cell_80	All
Glutamatergic Neuron	Nr5a1_tdTpositive_cell_1	L4
Glutamatergic Neuron	Nr5a1_tdTpositive_cell_2	L4
Glutamatergic Neuron	Nr5a1_tdTpositive_cell_5	L4
Glutamatergic Neuron	Nr5a1_tdTpositive_cell_10	L4
Glutamatergic Neuron	Nr5a1_tdTpositive_cell_13	L4
Glutamatergic Neuron	Nr5a1_tdTpositive_cell_14	L4
Glutamatergic Neuron	Nr5a1_tdTpositive_cell_16	L4
Glutamatergic Neuron	Nr5a1_tdTpositive_cell_17	L4
Glutamatergic Neuron	Nr5a1_tdTpositive_cell_19	All
Glutamatergic Neuron	Nr5a1_tdTpositive_cell_21	All
Glutamatergic Neuron	Nr5a1_tdTpositive_cell_25	All
Glutamatergic Neuron	Nr5a1_tdTpositive_cell_26	All
Glutamatergic Neuron	Nr5a1_tdTpositive_cell_27	All
Glutamatergic Neuron	Nr5a1_tdTpositive_cell_30	All
Glutamatergic Neuron	Nr5a1_tdTpositive_cell_31	All
Glutamatergic Neuron	Nr5a1_tdTpositive_cell_36	All
Glutamatergic Neuron	Nr5a1_tdTpositive_cell_38	L4
Glutamatergic Neuron	Nr5a1_tdTpositive_cell_40	L4
Glutamatergic Neuron	Nr5a1_tdTpositive_cell_41	L4
Glutamatergic Neuron	Nr5a1_tdTpositive_cell_42	L4
Glutamatergic Neuron	Nr5a1_tdTpositive_cell_43	L4
Glutamatergic Neuron	Rbp4_tdTpositive_cell_83	L5
Glutamatergic Neuron	Rorb_tdTpositive_cell_5	L4
Glutamatergic Neuron	Rorb_tdTpositive_cell_15	L4
Glutamatergic Neuron	Rorb_tdTpositive_cell_16	L4
Glutamatergic Neuron	Rorb_tdTpositive_cell_17	L4
Glutamatergic Neuron	Rorb_tdTpositive_cell_18	L4
Glutamatergic Neuron	Rorb_tdTpositive_cell_20	L4
Glutamatergic Neuron	Rorb_tdTpositive_cell_21	L4
Glutamatergic Neuron	Rorb_tdTpositive_cell_22	L4
Glutamatergic Neuron	Rorb_tdTpositive_cell_27	L4
Glutamatergic Neuron	Rorb_tdTpositive_cell_28	L4
Glutamatergic Neuron	Rorb_tdTpositive_cell_32	L4
Glutamatergic Neuron	Rorb_tdTpositive_cell_33	L4
Glutamatergic Neuron	Rorb_tdTpositive_cell_34	L4
Glutamatergic Neuron	Rorb_tdTpositive_cell_35	L4
Glutamatergic Neuron	Rorb_tdTpositive_cell_36	L4
Glutamatergic Neuron	Rorb_tdTpositive_cell_38	L4
Glutamatergic Neuron	Scnn1a-Tg2_tdTpositive_cell_17	L4
Glutamatergic Neuron	Scnn1a-Tg3_tdTpositive_cell_3	L4
Glutamatergic Neuron	Scnn1a-Tg3_tdTpositive_cell_4	L4
Glutamatergic Neuron	Scnn1a-Tg3_tdTpositive_cell_6	L4
Glutamatergic Neuron	Scnn1a-Tg3_tdTpositive_cell_7	L4
Glutamatergic Neuron	Scnn1a-Tg3_tdTpositive_cell_8	L4
Glutamatergic Neuron	Scnn1a-Tg3_tdTpositive_cell_10	L4
Glutamatergic Neuron	Scnn1a-Tg3_tdTpositive_cell_11	L4
Glutamatergic Neuron	Scnn1a-Tg3_tdTpositive_cell_14	L4
Glutamatergic Neuron	Scnn1a-Tg3_tdTpositive_cell_15	L4
Glutamatergic Neuron	Scnn1a-Tg3_tdTpositive_cell_16	L4
Glutamatergic Neuron	Scnn1a-Tg3_tdTpositive_cell_17	L4
Glutamatergic Neuron	Scnn1a-Tg3_tdTpositive_cell_20	L4
Glutamatergic Neuron	Scnn1a-Tg3_tdTpositive_cell_23	L4
Glutamatergic Neuron	Scnn1a-Tg3_tdTpositive_cell_25	L4
Glutamatergic Neuron	Scnn1a-Tg3_tdTpositive_cell_26	L4
Glutamatergic Neuron	Scnn1a-Tg3_tdTpositive_cell_27	L4
Glutamatergic Neuron	Scnn1a-Tg3_tdTpositive_cell_29	L4
Glutamatergic Neuron	Scnn1a-Tg3_tdTpositive_cell_31	L4
Glutamatergic Neuron	Scnn1a-Tg3_tdTpositive_cell_33	L4
Glutamatergic Neuron	Scnn1a-Tg3_tdTpositive_cell_34	L4
Glutamatergic Neuron	Scnn1a-Tg3_tdTpositive_cell_35	L4
Glutamatergic Neuron	Scnn1a-Tg3_tdTpositive_cell_36	L4
Glutamatergic Neuron	Scnn1a-Tg3_tdTpositive_cell_37	L4
Glutamatergic Neuron	Scnn1a-Tg3_tdTpositive_cell_41	L4
Glutamatergic Neuron	Scnn1a-Tg3_tdTpositive_cell_44	L4
Glutamatergic Neuron	Scnn1a-Tg3_tdTpositive_cell_45	L4
Glutamatergic Neuron	Scnn1a-Tg3_tdTpositive_cell_46	L4
Glutamatergic Neuron	Scnn1a-Tg3_tdTpositive_cell_47	L4
Glutamatergic Neuron	Scnn1a-Tg3_tdTpositive_cell_48	L4
Glutamatergic Neuron	Scnn1a-Tg3_tdTpositive_cell_52	L4
Glutamatergic Neuron	Scnn1a-Tg3_tdTpositive_cell_53	L4
Glutamatergic Neuron	Scnn1a-Tg3_tdTpositive_cell_58	L4
Glutamatergic Neuron	Scnn1a-Tg3_tdTpositive_cell_65	All
Glutamatergic Neuron	Scnn1a-Tg3_tdTpositive_cell_67	All
Glutamatergic Neuron	Scnn1a-Tg3_tdTpositive_cell_69	All
Glutamatergic Neuron	Scnn1a-Tg3_tdTpositive_cell_72	All
Glutamatergic Neuron	Scnn1a-Tg3_tdTpositive_cell_73	All
Glutamatergic Neuron	Scnn1a-Tg3_tdTpositive_cell_80	All
Glutamatergic Neuron	Scnn1a-Tg3_tdTpositive_cell_81	All
Glutamatergic Neuron	Scnn1a-Tg3_tdTpositive_cell_82	All
Glutamatergic Neuron	Scnn1a-Tg3_tdTpositive_cell_84	All
Glutamatergic Neuron	Scnn1a-Tg3_tdTpositive_cell_92	L4
Glutamatergic Neuron	Scnn1a-Tg3_tdTpositive_cell_94	L4
Glutamatergic Neuron	Scnn1a-Tg3_tdTpositive_cell_97	L4
Glutamatergic Neuron	Scnn1a-Tg3_tdTpositive_cell_98	L4
Glutamatergic Neuron	Scnn1a-Tg3_tdTpositive_cell_99	L4
Glutamatergic Neuron	Calb2_tdTpositive_cell_3	All
Glutamatergic Neuron	Calb2_tdTpositive_cell_9	All
Glutamatergic Neuron	Calb2_tdTpositive_cell_23	All
Glutamatergic Neuron	Calb2_tdTpositive_cell_31	All
Glutamatergic Neuron	Calb2_tdTpositive_cell_32	All
Glutamatergic Neuron	Calb2_tdTpositive_cell_47	upper
Glutamatergic Neuron	Cux2_tdTpositive_cell_2	L4
Glutamatergic Neuron	Cux2_tdTpositive_cell_3	L4
Glutamatergic Neuron	Cux2_tdTpositive_cell_4	L4
Glutamatergic Neuron	Cux2_tdTpositive_cell_8	L4
Glutamatergic Neuron	Cux2_tdTpositive_cell_12	L4
Glutamatergic Neuron	Cux2_tdTpositive_cell_13	L4
Glutamatergic Neuron	Cux2_tdTpositive_cell_14	L4
Glutamatergic Neuron	Cux2_tdTpositive_cell_18	L4
Glutamatergic Neuron	Cux2_tdTpositive_cell_20	L4
Glutamatergic Neuron	Cux2_tdTpositive_cell_22	L4
Glutamatergic Neuron	Cux2_tdTpositive_cell_32	L4
Glutamatergic Neuron	Cux2_tdTpositive_cell_37	L4
Glutamatergic Neuron	Cux2_tdTpositive_cell_44	L4
Glutamatergic Neuron	Cux2_tdTpositive_cell_47	L4
Glutamatergic Neuron	Cux2_tdTpositive_cell_52	L1-L2/3
Glutamatergic Neuron	Cux2_tdTpositive_cell_55	L1-L2/3
Glutamatergic Neuron	Cux2_tdTpositive_cell_56	L1-L2/3
Glutamatergic Neuron	Cux2_tdTpositive_cell_61	L1-L2/3
Glutamatergic Neuron	Cux2_tdTpositive_cell_64	L1-L2/3
Glutamatergic Neuron	Cux2_tdTpositive_cell_65	L1-L2/3
Glutamatergic Neuron	Cux2_tdTpositive_cell_67	L1-L2/3
Glutamatergic Neuron	Cux2_tdTpositive_cell_69	L1-L2/3
Glutamatergic Neuron	Cux2_tdTpositive_cell_73	All
Glutamatergic Neuron	Cux2_tdTpositive_cell_74	All
Glutamatergic Neuron	Cux2_tdTpositive_cell_89	All
Glutamatergic Neuron	Cux2_tdTpositive_cell_91	All
Glutamatergic Neuron	Cux2_tdTpositive_cell_93	All
Glutamatergic Neuron	Nos1_tdTpositive_cell_72	All
Glutamatergic Neuron	Nr5a1_tdTpositive_cell_3	L4
Glutamatergic Neuron	Nr5a1_tdTpositive_cell_4	L4
Glutamatergic Neuron	Nr5a1_tdTpositive_cell_7	L4
Glutamatergic Neuron	Nr5a1_tdTpositive_cell_8	L4
Glutamatergic Neuron	Nr5a1_tdTpositive_cell_9	L4
Glutamatergic Neuron	Nr5a1_tdTpositive_cell_11	L4
Glutamatergic Neuron	Nr5a1_tdTpositive_cell_12	L4
Glutamatergic Neuron	Nr5a1_tdTpositive_cell_23	All
Glutamatergic Neuron	Nr5a1_tdTpositive_cell_24	All
Glutamatergic Neuron	Nr5a1_tdTpositive_cell_33	All
Glutamatergic Neuron	Nr5a1_tdTpositive_cell_34	All
Glutamatergic Neuron	Nr5a1_tdTpositive_cell_35	All
Glutamatergic Neuron	Nr5a1_tdTpositive_cell_45	L4
Glutamatergic Neuron	Nr5a1_tdTpositive_cell_46	L4
Glutamatergic Neuron	Nr5a1_tdTpositive_cell_47	L4
Glutamatergic Neuron	Nr5a1_tdTpositive_cell_48	L4
Glutamatergic Neuron	Rbp4_tdTpositive_cell_16	All
Glutamatergic Neuron	Rbp4_tdTpositive_cell_62	L5
Glutamatergic Neuron	Rbp4_tdTpositive_cell_142	All
Glutamatergic Neuron	Rorb_tdTpositive_cell_1	L4
Glutamatergic Neuron	Rorb_tdTpositive_cell_2	L4
Glutamatergic Neuron	Rorb_tdTpositive_cell_3	L4
Glutamatergic Neuron	Rorb_tdTpositive_cell_11	L4
Glutamatergic Neuron	Rorb_tdTpositive_cell_12	L4
Glutamatergic Neuron	Rorb_tdTpositive_cell_14	L4
Glutamatergic Neuron	Rorb_tdTpositive_cell_24	L4
Glutamatergic Neuron	Rorb_tdTpositive_cell_26	L4
Glutamatergic Neuron	Scnn1a-Tg3_tdTpositive_cell_9	L4
Glutamatergic Neuron	Scnn1a-Tg3_tdTpositive_cell_24	L4
Glutamatergic Neuron	Scnn1a-Tg3_tdTpositive_cell_49	L4
Glutamatergic Neuron	Scnn1a-Tg3_tdTpositive_cell_55	L4
Glutamatergic Neuron	Scnn1a-Tg3_tdTpositive_cell_66	All
Glutamatergic Neuron	Scnn1a-Tg3_tdTpositive_cell_68	All
Glutamatergic Neuron	Scnn1a-Tg3_tdTpositive_cell_70	All
Glutamatergic Neuron	Scnn1a-Tg3_tdTpositive_cell_74	All
Glutamatergic Neuron	Scnn1a-Tg3_tdTpositive_cell_75	All
Glutamatergic Neuron	Scnn1a-Tg3_tdTpositive_cell_76	All
Glutamatergic Neuron	Scnn1a-Tg3_tdTpositive_cell_77	All
Glutamatergic Neuron	Scnn1a-Tg3_tdTpositive_cell_85	All
Glutamatergic Neuron	Scnn1a-Tg3_tdTpositive_cell_88	All
Glutamatergic Neuron	Scnn1a-Tg3_tdTpositive_cell_89	All
Glutamatergic Neuron	Scnn1a-Tg3_tdTpositive_cell_90	All
Glutamatergic Neuron	Scnn1a-Tg3_tdTpositive_cell_91	All
Glutamatergic Neuron	Slc17a6_tdTpositive_cell_13	All
Glutamatergic Neuron	Slc17a6_tdTpositive_cell_18	All
Glutamatergic Neuron	Rbp4_tdTpositive_cell_7	L5
Glutamatergic Neuron	Rbp4_tdTpositive_cell_9	All
Glutamatergic Neuron	Rbp4_tdTpositive_cell_12	All
Glutamatergic Neuron	Rbp4_tdTpositive_cell_27	All
Glutamatergic Neuron	Rbp4_tdTpositive_cell_38	All
Glutamatergic Neuron	Rbp4_tdTpositive_cell_49	L5
Glutamatergic Neuron	Rbp4_tdTpositive_cell_113	L5
Glutamatergic Neuron	Rbp4_tdTpositive_cell_120	L5
Glutamatergic Neuron	CAV_LP_Ipsi_tdTpos_cell_15	All
Glutamatergic Neuron	CAV_LP_Ipsi_tdTpos_cell_20	All
Glutamatergic Neuron	CAV_LP_Ipsi_tdTpos_cell_40	All
Glutamatergic Neuron	Cux2_tdTpositive_cell_10	L4
Glutamatergic Neuron	Cux2_tdTpositive_cell_26	L4
Glutamatergic Neuron	Cux2_tdTpositive_cell_30	L4
Glutamatergic Neuron	Cux2_tdTpositive_cell_39	L4
Glutamatergic Neuron	Cux2_tdTpositive_cell_48	L4
Glutamatergic Neuron	Cux2_tdTpositive_cell_53	L1-L2/3
Glutamatergic Neuron	Cux2_tdTpositive_cell_83	All
Glutamatergic Neuron	Cux2_tdTpositive_cell_85	All
Glutamatergic Neuron	Rbp4_tdTpositive_cell_19	All
Glutamatergic Neuron	Rbp4_tdTpositive_cell_29	All
Glutamatergic Neuron	Rbp4_tdTpositive_cell_34	All
Glutamatergic Neuron	Rbp4_tdTpositive_cell_35	All
Glutamatergic Neuron	Rbp4_tdTpositive_cell_36	All
Glutamatergic Neuron	Rbp4_tdTpositive_cell_37	All
Glutamatergic Neuron	Rbp4_tdTpositive_cell_61	L5
Glutamatergic Neuron	Rbp4_tdTpositive_cell_78	L5
Glutamatergic Neuron	Rbp4_tdTpositive_cell_136	L5
Glutamatergic Neuron	Rbp4_tdTpositive_cell_144	All
Glutamatergic Neuron	Rbp4_tdTpositive_cell_158	All
Glutamatergic Neuron	Rbp4_tdTpositive_cell_164	All
Glutamatergic Neuron	Rorb_tdTpositive_cell_4	L4
Glutamatergic Neuron	Rorb_tdTpositive_cell_6	L4
Glutamatergic Neuron	Rorb_tdTpositive_cell_10	L4
Glutamatergic Neuron	Rorb_tdTpositive_cell_19	L4
Glutamatergic Neuron	Rorb_tdTpositive_cell_23	L4
Glutamatergic Neuron	Scnn1a-Tg2_tdTpositive_cell_1	L4
Glutamatergic Neuron	Scnn1a-Tg2_tdTpositive_cell_3	L4
Glutamatergic Neuron	Scnn1a-Tg2_tdTpositive_cell_4	L4
Glutamatergic Neuron	Scnn1a-Tg2_tdTpositive_cell_5	L4
Glutamatergic Neuron	Scnn1a-Tg2_tdTpositive_cell_6	L4
Glutamatergic Neuron	Scnn1a-Tg2_tdTpositive_cell_7	L4
Glutamatergic Neuron	Scnn1a-Tg2_tdTpositive_cell_8	L4
Glutamatergic Neuron	Scnn1a-Tg2_tdTpositive_cell_9	L4
Glutamatergic Neuron	Scnn1a-Tg2_tdTpositive_cell_10	L4
Glutamatergic Neuron	Scnn1a-Tg2_tdTpositive_cell_11	L4
Glutamatergic Neuron	Scnn1a-Tg2_tdTpositive_cell_12	L4
Glutamatergic Neuron	Scnn1a-Tg2_tdTpositive_cell_15	L4
Glutamatergic Neuron	Scnn1a-Tg2_tdTpositive_cell_18	L4
Glutamatergic Neuron	Scnn1a-Tg2_tdTpositive_cell_19	L4
Glutamatergic Neuron	Scnn1a-Tg3_tdTpositive_cell_1	L4
Glutamatergic Neuron	Scnn1a-Tg3_tdTpositive_cell_5	L4
Glutamatergic Neuron	Scnn1a-Tg3_tdTpositive_cell_19	L4
Glutamatergic Neuron	Scnn1a-Tg3_tdTpositive_cell_22	L4
Glutamatergic Neuron	Scnn1a-Tg3_tdTpositive_cell_28	L4
Glutamatergic Neuron	Scnn1a-Tg3_tdTpositive_cell_32	L4
Glutamatergic Neuron	Scnn1a-Tg3_tdTpositive_cell_39	L4
Glutamatergic Neuron	Scnn1a-Tg3_tdTpositive_cell_51	L4
Glutamatergic Neuron	Scnn1a-Tg3_tdTpositive_cell_59	lower
Glutamatergic Neuron	Scnn1a-Tg3_tdTpositive_cell_63	lower
Glutamatergic Neuron	Scnn1a-Tg3_tdTpositive_cell_78	All
Glutamatergic Neuron	Scnn1a-Tg3_tdTpositive_cell_93	L4
Glutamatergic Neuron	Scnn1a-Tg3_tdTpositive_cell_95	L4
Glutamatergic Neuron	Scnn1a-Tg3_tdTpositive_cell_96	L4
Glutamatergic Neuron	Rbp4_tdTpositive_cell_1	L5
Glutamatergic Neuron	Rbp4_tdTpositive_cell_3	L5
Glutamatergic Neuron	Rbp4_tdTpositive_cell_10	All
Glutamatergic Neuron	Rbp4_tdTpositive_cell_23	All
Glutamatergic Neuron	Rbp4_tdTpositive_cell_30	All
Glutamatergic Neuron	Rbp4_tdTpositive_cell_44	All
Glutamatergic Neuron	Rbp4_tdTpositive_cell_47	L5
Glutamatergic Neuron	Rbp4_tdTpositive_cell_53	L5
Glutamatergic Neuron	Rbp4_tdTpositive_cell_99	L5
Glutamatergic Neuron	Rbp4_tdTpositive_cell_102	L5
Glutamatergic Neuron	Rbp4_tdTpositive_cell_103	L5
Glutamatergic Neuron	Rbp4_tdTpositive_cell_155	All
Glutamatergic Neuron	Rbp4_tdTpositive_cell_171	All
Glutamatergic Neuron	Rbp4_tdTpositive_cell_172	All
Glutamatergic Neuron	Rorb_tdTpositive_cell_40	L5
Glutamatergic Neuron	Scnn1a-Tg3_tdTnegative_cell_20	L4
Glutamatergic Neuron	Calb2_tdTpositive_cell_27	All
Glutamatergic Neuron	Chrna2_tdTpositive_cell_3	L6
Glutamatergic Neuron	Chrna2_tdTpositive_cell_18	All
Glutamatergic Neuron	Chrna2_tdTpositive_cell_22	All
Glutamatergic Neuron	Chrna2_tdTpositive_cell_24	All
Glutamatergic Neuron	Chrna2_tdTpositive_cell_38	All
Glutamatergic Neuron	Chrna2_tdTpositive_cell_58	All
Glutamatergic Neuron	Chrna2_tdTpositive_cell_63	All
Glutamatergic Neuron	Chrna2_tdTpositive_cell_73	All
Glutamatergic Neuron	Chrna2_tdTpositive_cell_74	All
Glutamatergic Neuron	Chrna2_tdTpositive_cell_82	All
Glutamatergic Neuron	Htr3a_tdTpositive_cell_86	lower
Glutamatergic Neuron	Nos1_tdTpositive_cell_65	All
Glutamatergic Neuron	Rbp4_tdTpositive_cell_2	L5
Glutamatergic Neuron	Rbp4_tdTpositive_cell_4	L5
Glutamatergic Neuron	Rbp4_tdTpositive_cell_5	L5
Glutamatergic Neuron	Rbp4_tdTpositive_cell_6	L5
Glutamatergic Neuron	Rbp4_tdTpositive_cell_20	All
Glutamatergic Neuron	Rbp4_tdTpositive_cell_25	All
Glutamatergic Neuron	Rbp4_tdTpositive_cell_26	All
Glutamatergic Neuron	Rbp4_tdTpositive_cell_50	L5
Glutamatergic Neuron	Rbp4_tdTpositive_cell_55	L5
Glutamatergic Neuron	Rbp4_tdTpositive_cell_56	L5
Glutamatergic Neuron	Rbp4_tdTpositive_cell_58	L5
Glutamatergic Neuron	Rbp4_tdTpositive_cell_63	L5
Glutamatergic Neuron	Rbp4_tdTpositive_cell_65	L5
Glutamatergic Neuron	Rbp4_tdTpositive_cell_66	L5
Glutamatergic Neuron	Rbp4_tdTpositive_cell_69	L5
Glutamatergic Neuron	Rbp4_tdTpositive_cell_71	L5
Glutamatergic Neuron	Rbp4_tdTpositive_cell_79	L5
Glutamatergic Neuron	Rbp4_tdTpositive_cell_85	L5
Glutamatergic Neuron	Rbp4_tdTpositive_cell_86	L5
Glutamatergic Neuron	Rbp4_tdTpositive_cell_92	L5
Glutamatergic Neuron	Rbp4_tdTpositive_cell_94	L5
Glutamatergic Neuron	Rbp4_tdTpositive_cell_96	L5
Glutamatergic Neuron	Rbp4_tdTpositive_cell_97	L5
Glutamatergic Neuron	Rbp4_tdTpositive_cell_104	L5
Glutamatergic Neuron	Rbp4_tdTpositive_cell_111	L5
Glutamatergic Neuron	Rbp4_tdTpositive_cell_112	L5
Glutamatergic Neuron	Rbp4_tdTpositive_cell_115	L5
Glutamatergic Neuron	Rbp4_tdTpositive_cell_116	L5
Glutamatergic Neuron	Rbp4_tdTpositive_cell_129	L5
Glutamatergic Neuron	Rbp4_tdTpositive_cell_135	L5
Glutamatergic Neuron	Rbp4_tdTpositive_cell_137	L5
Glutamatergic Neuron	Rbp4_tdTpositive_cell_150	All
Glutamatergic Neuron	Rbp4_tdTpositive_cell_154	All
Glutamatergic Neuron	Rbp4_tdTpositive_cell_156	All
Glutamatergic Neuron	Rbp4_tdTpositive_cell_159	All
Glutamatergic Neuron	Rbp4_tdTpositive_cell_162	All
Glutamatergic Neuron	Rbp4_tdTpositive_cell_166	All
Glutamatergic Neuron	Rbp4_tdTpositive_cell_167	All
Glutamatergic Neuron	Rbp4_tdTpositive_cell_168	All
Glutamatergic Neuron	Rbp4_tdTpositive_cell_173	All
Glutamatergic Neuron	Rorb_tdTpositive_cell_8	L4
Glutamatergic Neuron	Rorb_tdTpositive_cell_9	L4
Glutamatergic Neuron	Rorb_tdTpositive_cell_41	L5
Glutamatergic Neuron	Rorb_tdTpositive_cell_42	L5
Glutamatergic Neuron	Rorb_tdTpositive_cell_43	L5
Glutamatergic Neuron	Rorb_tdTpositive_cell_45	L5
Glutamatergic Neuron	Rorb_tdTpositive_cell_48	L5
Glutamatergic Neuron	Rorb_tdTpositive_cell_49	L5
Glutamatergic Neuron	Rorb_tdTpositive_cell_50	L5
Glutamatergic Neuron	Rorb_tdTpositive_cell_51	L5
Glutamatergic Neuron	Rorb_tdTpositive_cell_53	L5
Glutamatergic Neuron	Scnn1a-Tg3_tdTpositive_cell_60	lower
Glutamatergic Neuron	CAV_VISp_Contra_tdTpos_cell_4	All
Glutamatergic Neuron	Cux2_tdTpositive_cell_68	L1-L2/3
Glutamatergic Neuron	Cux2_tdTpositive_cell_75	All
Glutamatergic Neuron	Nos1_tdTpositive_cell_27	All
Glutamatergic Neuron	Nr5a1_tdTpositive_cell_37	L4
Glutamatergic Neuron	Rbp4_tdTpositive_cell_11	All
Glutamatergic Neuron	Rbp4_tdTpositive_cell_13	All
Glutamatergic Neuron	Rbp4_tdTpositive_cell_14	All
Glutamatergic Neuron	Rbp4_tdTpositive_cell_18	All
Glutamatergic Neuron	Rbp4_tdTpositive_cell_24	All
Glutamatergic Neuron	Rbp4_tdTpositive_cell_28	All
Glutamatergic Neuron	Rbp4_tdTpositive_cell_59	L5
Glutamatergic Neuron	Rbp4_tdTpositive_cell_67	L5
Glutamatergic Neuron	Rbp4_tdTpositive_cell_88	L5
Glutamatergic Neuron	Rbp4_tdTpositive_cell_108	L5
Glutamatergic Neuron	Rbp4_tdTpositive_cell_121	L5
Glutamatergic Neuron	Rbp4_tdTpositive_cell_122	L5
Glutamatergic Neuron	Rbp4_tdTpositive_cell_125	L5
Glutamatergic Neuron	Rbp4_tdTpositive_cell_132	L5
Glutamatergic Neuron	Rbp4_tdTpositive_cell_133	L5
Glutamatergic Neuron	Rbp4_tdTpositive_cell_134	L5
Glutamatergic Neuron	Rbp4_tdTpositive_cell_139	L5
Glutamatergic Neuron	Rbp4_tdTpositive_cell_143	All
Glutamatergic Neuron	Rbp4_tdTpositive_cell_145	All
Glutamatergic Neuron	Rbp4_tdTpositive_cell_146	All
Glutamatergic Neuron	Rbp4_tdTpositive_cell_153	All
Glutamatergic Neuron	Rbp4_tdTpositive_cell_165	L5
Glutamatergic Neuron	Rorb_tdTpositive_cell_44	L5
Glutamatergic Neuron	Rorb_tdTpositive_cell_46	L5
Glutamatergic Neuron	Rorb_tdTpositive_cell_52	L5
Glutamatergic Neuron	Scnn1a-Tg2_tdTpositive_cell_2	L4
Glutamatergic Neuron	Scnn1a-Tg2_tdTpositive_cell_13	L4
Glutamatergic Neuron	Scnn1a-Tg3_tdTpositive_cell_64	lower
Glutamatergic Neuron	Scnn1a-Tg3_tdTpositive_cell_79	All
Glutamatergic Neuron	Scnn1a-Tg3_tdTpositive_cell_83	All
Glutamatergic Neuron	Slc17a6_tdTpositive_cell_20	All
Glutamatergic Neuron	Chrna2_tdTpositive_cell_51	All
Glutamatergic Neuron	Chrna2_tdTpositive_cell_67	All
Glutamatergic Neuron	Chrna2_tdTpositive_cell_68	All
Glutamatergic Neuron	Chrna2_tdTpositive_cell_69	All
Glutamatergic Neuron	Chrna2_tdTpositive_cell_72	All
Glutamatergic Neuron	Nos1_tdTpositive_cell_26	All
Glutamatergic Neuron	Nos1_tdTpositive_cell_28	All
Glutamatergic Neuron	Nos1_tdTpositive_cell_30	All
Glutamatergic Neuron	Nos1_tdTpositive_cell_33	All
Glutamatergic Neuron	Nos1_tdTpositive_cell_34	All
Glutamatergic Neuron	Nos1_tdTpositive_cell_42	All
Glutamatergic Neuron	Nos1_tdTpositive_cell_46	All
Glutamatergic Neuron	Nos1_tdTpositive_cell_49	All
Glutamatergic Neuron	Nos1_tdTpositive_cell_51	All
Glutamatergic Neuron	Nos1_tdTpositive_cell_59	All
Glutamatergic Neuron	Rbp4_tdTpositive_cell_41	All
Glutamatergic Neuron	Rbp4_tdTpositive_cell_105	L5
Glutamatergic Neuron	Rbp4_tdTpositive_cell_141	L5
Glutamatergic Neuron	Rbp4_tdTpositive_cell_147	All
Glutamatergic Neuron	Rbp4_tdTpositive_cell_15	All
Glutamatergic Neuron	Rbp4_tdTpositive_cell_21	All
Glutamatergic Neuron	Rbp4_tdTpositive_cell_39	All
Glutamatergic Neuron	Rbp4_tdTpositive_cell_42	All
Glutamatergic Neuron	Rbp4_tdTpositive_cell_43	All
Glutamatergic Neuron	Rbp4_tdTpositive_cell_46	All
Glutamatergic Neuron	Rbp4_tdTpositive_cell_54	L5
Glutamatergic Neuron	Rbp4_tdTpositive_cell_60	L5
Glutamatergic Neuron	Rbp4_tdTpositive_cell_68	L5
Glutamatergic Neuron	Rbp4_tdTpositive_cell_70	L5
Glutamatergic Neuron	Rbp4_tdTpositive_cell_73	L5
Glutamatergic Neuron	Rbp4_tdTpositive_cell_76	L5
Glutamatergic Neuron	Rbp4_tdTpositive_cell_80	L5
Glutamatergic Neuron	Rbp4_tdTpositive_cell_82	L5
Glutamatergic Neuron	Rbp4_tdTpositive_cell_89	L5
Glutamatergic Neuron	Rbp4_tdTpositive_cell_90	L5
Glutamatergic Neuron	Rbp4_tdTpositive_cell_100	L5
Glutamatergic Neuron	Rbp4_tdTpositive_cell_106	L5
Glutamatergic Neuron	Rbp4_tdTpositive_cell_109	L5
Glutamatergic Neuron	Rbp4_tdTpositive_cell_110	L5
Glutamatergic Neuron	Rbp4_tdTpositive_cell_114	L5
Glutamatergic Neuron	Rbp4_tdTpositive_cell_117	L5
Glutamatergic Neuron	Rbp4_tdTpositive_cell_118	L5
Glutamatergic Neuron	Rbp4_tdTpositive_cell_124	L5
Glutamatergic Neuron	Rbp4_tdTpositive_cell_127	L5
Glutamatergic Neuron	Rbp4_tdTpositive_cell_128	L5
Glutamatergic Neuron	Rbp4_tdTpositive_cell_131	L5
Glutamatergic Neuron	Rbp4_tdTpositive_cell_138	L5
Glutamatergic Neuron	Rbp4_tdTpositive_cell_140	L5
Glutamatergic Neuron	Rbp4_tdTpositive_cell_148	All
Glutamatergic Neuron	Rbp4_tdTpositive_cell_152	All
Glutamatergic Neuron	Rbp4_tdTpositive_cell_169	All
Glutamatergic Neuron	CAV_LP_Ipsi_tdTpos_cell_1	All
Glutamatergic Neuron	CAV_LP_Ipsi_tdTpos_cell_4	All
Glutamatergic Neuron	CAV_LP_Ipsi_tdTpos_cell_7	All
Glutamatergic Neuron	CAV_LP_Ipsi_tdTpos_cell_8	All
Glutamatergic Neuron	CAV_LP_Ipsi_tdTpos_cell_13	All
Glutamatergic Neuron	CAV_LP_Ipsi_tdTpos_cell_14	All
Glutamatergic Neuron	CAV_LP_Ipsi_tdTpos_cell_17	All
Glutamatergic Neuron	CAV_LP_Ipsi_tdTpos_cell_18	All
Glutamatergic Neuron	CAV_LP_Ipsi_tdTpos_cell_29	All
Glutamatergic Neuron	CAV_LP_Ipsi_tdTpos_cell_32	All
Glutamatergic Neuron	PvalbF-Gad2_tdTpositive_cell_31	All
Glutamatergic Neuron	Rbp4_tdTpositive_cell_8	L5
Glutamatergic Neuron	Rbp4_tdTpositive_cell_17	All
Glutamatergic Neuron	Rbp4_tdTpositive_cell_33	All
Glutamatergic Neuron	Rbp4_tdTpositive_cell_45	All
Glutamatergic Neuron	Rbp4_tdTpositive_cell_48	L5
Glutamatergic Neuron	Rbp4_tdTpositive_cell_52	L5
Glutamatergic Neuron	Rbp4_tdTpositive_cell_57	L5
Glutamatergic Neuron	Rbp4_tdTpositive_cell_64	L5
Glutamatergic Neuron	Rbp4_tdTpositive_cell_72	L5
Glutamatergic Neuron	Rbp4_tdTpositive_cell_74	L5
Glutamatergic Neuron	Rbp4_tdTpositive_cell_75	L5
Glutamatergic Neuron	Rbp4_tdTpositive_cell_77	L5
Glutamatergic Neuron	Rbp4_tdTpositive_cell_81	L5
Glutamatergic Neuron	Rbp4_tdTpositive_cell_84	L5
Glutamatergic Neuron	Rbp4_tdTpositive_cell_87	L5
Glutamatergic Neuron	Rbp4_tdTpositive_cell_91	L5
Glutamatergic Neuron	Rbp4_tdTpositive_cell_93	L5
Glutamatergic Neuron	Rbp4_tdTpositive_cell_95	L5
Glutamatergic Neuron	Rbp4_tdTpositive_cell_101	L5
Glutamatergic Neuron	Rbp4_tdTpositive_cell_107	L5
Glutamatergic Neuron	Rbp4_tdTpositive_cell_119	L5
Glutamatergic Neuron	Rbp4_tdTpositive_cell_130	L5
Glutamatergic Neuron	Rbp4_tdTpositive_cell_149	All
Glutamatergic Neuron	Rbp4_tdTpositive_cell_151	All
Glutamatergic Neuron	Tac2_tdTpositive_cell_2	All
Glutamatergic Neuron	Tac2_tdTpositive_cell_3	All
Glutamatergic Neuron	CAV_LP_Ipsi_tdTpos_cell_2	All
Glutamatergic Neuron	CAV_LP_Ipsi_tdTpos_cell_3	All
Glutamatergic Neuron	CAV_LP_Ipsi_tdTpos_cell_5	All
Glutamatergic Neuron	CAV_LP_Ipsi_tdTpos_cell_30	All
Glutamatergic Neuron	CAV_LP_Ipsi_tdTpos_cell_36	All
Glutamatergic Neuron	Ntsr1_tdTnegative_cell_1	L6a
Glutamatergic Neuron	Ntsr1_tdTnegative_cell_4	L6a
Glutamatergic Neuron	Ntsr1_tdTnegative_cell_6	L6a
Glutamatergic Neuron	Ntsr1_tdTnegative_cell_9	L6a
Glutamatergic Neuron	Ntsr1_tdTnegative_cell_35	L6a
Glutamatergic Neuron	Ntsr1_tdTnegative_cell_40	L6
Glutamatergic Neuron	Ntsr1_tdTnegative_cell_43	L6
Glutamatergic Neuron	Ntsr1_tdTnegative_cell_48	L6
Glutamatergic Neuron	Ntsr1_tdTnegative_cell_51	L6
Glutamatergic Neuron	Rbp4_tdTpositive_cell_22	All
Glutamatergic Neuron	Rbp4_tdTpositive_cell_31	All
Glutamatergic Neuron	Rbp4_tdTpositive_cell_170	All
Glutamatergic Neuron	Slc17a6_tdTpositive_cell_5	All
Glutamatergic Neuron	Slc17a6_tdTpositive_cell_6	All
Glutamatergic Neuron	Slc17a6_tdTpositive_cell_8	All
Glutamatergic Neuron	Slc17a6_tdTpositive_cell_9	All
Glutamatergic Neuron	Slc17a6_tdTpositive_cell_32	All
Glutamatergic Neuron	Slc17a6_tdTpositive_cell_36	All
Glutamatergic Neuron	Slc17a6_tdTpositive_cell_43	All
Glutamatergic Neuron	Slc17a6_tdTpositive_cell_45	All
Glutamatergic Neuron	Ndnf_tdTpositive_cell_2	All
Glutamatergic Neuron	Nos1_tdTpositive_cell_37	All
Glutamatergic Neuron	Nos1_tdTpositive_cell_38	All
Glutamatergic Neuron	Ntsr1_tdTnegative_cell_7	L6a
Glutamatergic Neuron	Ntsr1_tdTnegative_cell_8	L6a
Glutamatergic Neuron	Ntsr1_tdTnegative_cell_15	L6a
Glutamatergic Neuron	Ntsr1_tdTnegative_cell_34	L6a
Glutamatergic Neuron	Ntsr1_tdTnegative_cell_36	L6
Glutamatergic Neuron	Ntsr1_tdTnegative_cell_47	L6
Glutamatergic Neuron	Ntsr1_tdTnegative_cell_49	L6
Glutamatergic Neuron	Ntsr1_tdTnegative_cell_53	L6
Glutamatergic Neuron	Rbp4_tdTpositive_cell_32	All
Glutamatergic Neuron	Rbp4_tdTpositive_cell_40	All
Glutamatergic Neuron	CAV_VISp_Contra_tdTpos_cell_2	All
Glutamatergic Neuron	CAV_VISp_Contra_tdTpos_cell_5	All
Glutamatergic Neuron	Chrna2_tdTpositive_cell_75	All
Glutamatergic Neuron	Ntsr1_tdTpositive_cell_2	L6a
Glutamatergic Neuron	Ntsr1_tdTpositive_cell_4	L6a
Glutamatergic Neuron	Ntsr1_tdTpositive_cell_7	L6a
Glutamatergic Neuron	Ntsr1_tdTpositive_cell_9	L6a
Glutamatergic Neuron	Ntsr1_tdTpositive_cell_11	L6a
Glutamatergic Neuron	Ntsr1_tdTpositive_cell_12	L6a
Glutamatergic Neuron	Ntsr1_tdTpositive_cell_15	L6a
Glutamatergic Neuron	Ntsr1_tdTpositive_cell_16	L6a
Glutamatergic Neuron	Ntsr1_tdTpositive_cell_18	L6a
Glutamatergic Neuron	Ntsr1_tdTpositive_cell_21	L6a
Glutamatergic Neuron	Ntsr1_tdTpositive_cell_23	L6a
Glutamatergic Neuron	Ntsr1_tdTpositive_cell_25	L6a
Glutamatergic Neuron	Ntsr1_tdTpositive_cell_26	L6a
Glutamatergic Neuron	Ntsr1_tdTpositive_cell_27	L6a
Glutamatergic Neuron	Ntsr1_tdTpositive_cell_30	L6a
Glutamatergic Neuron	Ntsr1_tdTpositive_cell_32	L6a
Glutamatergic Neuron	Ntsr1_tdTpositive_cell_35	L6a
Glutamatergic Neuron	Ntsr1_tdTpositive_cell_38	L6a
Glutamatergic Neuron	Ntsr1_tdTpositive_cell_40	L6a
Glutamatergic Neuron	Ntsr1_tdTpositive_cell_41	L6a
Glutamatergic Neuron	Ntsr1_tdTpositive_cell_43	L6a
Glutamatergic Neuron	Ntsr1_tdTpositive_cell_44	L6a
Glutamatergic Neuron	Ntsr1_tdTpositive_cell_45	L6a
Glutamatergic Neuron	Ntsr1_tdTpositive_cell_46	L6a
Glutamatergic Neuron	Ntsr1_tdTpositive_cell_48	L6a
Glutamatergic Neuron	Ntsr1_tdTpositive_cell_52	L6a
Glutamatergic Neuron	Ntsr1_tdTpositive_cell_57	L6a
Glutamatergic Neuron	Ntsr1_tdTpositive_cell_73	L6a
Glutamatergic Neuron	Ntsr1_tdTpositive_cell_76	L6a
Glutamatergic Neuron	Ntsr1_tdTpositive_cell_77	L6a
Glutamatergic Neuron	Rbp4_tdTpositive_cell_98	L5
Glutamatergic Neuron	Scnn1a-Tg3_tdTpositive_cell_61	lower
Glutamatergic Neuron	Scnn1a-Tg3_tdTpositive_cell_62	lower
Glutamatergic Neuron	Slc17a6_tdTpositive_cell_1	All
Glutamatergic Neuron	Slc17a6_tdTpositive_cell_3	All
Glutamatergic Neuron	Slc17a6_tdTpositive_cell_16	All
Glutamatergic Neuron	Slc17a6_tdTpositive_cell_24	All
Glutamatergic Neuron	Slc17a6_tdTpositive_cell_30	All
Glutamatergic Neuron	Slc17a6_tdTpositive_cell_34	All
Glutamatergic Neuron	Slc17a6_tdTpositive_cell_40	All
Glutamatergic Neuron	CAV_LP_Ipsi_tdTpos_cell_6	All
Glutamatergic Neuron	CAV_LP_Ipsi_tdTpos_cell_10	All
Glutamatergic Neuron	CAV_LP_Ipsi_tdTpos_cell_11	All
Glutamatergic Neuron	CAV_LP_Ipsi_tdTpos_cell_16	All
Glutamatergic Neuron	CAV_LP_Ipsi_tdTpos_cell_19	All
Glutamatergic Neuron	CAV_LP_Ipsi_tdTpos_cell_21	All
Glutamatergic Neuron	CAV_LP_Ipsi_tdTpos_cell_22	All
Glutamatergic Neuron	CAV_LP_Ipsi_tdTpos_cell_28	All
Glutamatergic Neuron	CAV_LP_Ipsi_tdTpos_cell_37	All
Glutamatergic Neuron	CAV_LP_Ipsi_tdTpos_cell_38	All
Glutamatergic Neuron	CAV_LP_Ipsi_tdTpos_cell_41	All
Glutamatergic Neuron	CAV_LP_Ipsi_tdTpos_cell_42	All
Glutamatergic Neuron	Htr3a_tdTpositive_cell_71	upper
Glutamatergic Neuron	Htr3a_tdTpositive_cell_95	lower
Glutamatergic Neuron	Htr3a_tdTpositive_cell_109	L6b
Glutamatergic Neuron	Htr3a_tdTpositive_cell_110	L6b
Glutamatergic Neuron	Htr3a_tdTpositive_cell_114	L6b
Glutamatergic Neuron	Ntsr1_tdTpositive_cell_1	L6a
Glutamatergic Neuron	Ntsr1_tdTpositive_cell_3	L6a
Glutamatergic Neuron	Ntsr1_tdTpositive_cell_5	L6a
Glutamatergic Neuron	Ntsr1_tdTpositive_cell_6	L6a
Glutamatergic Neuron	Ntsr1_tdTpositive_cell_8	L6a
Glutamatergic Neuron	Ntsr1_tdTpositive_cell_10	L6a
Glutamatergic Neuron	Ntsr1_tdTpositive_cell_13	L6a
Glutamatergic Neuron	Ntsr1_tdTpositive_cell_14	L6a
Glutamatergic Neuron	Ntsr1_tdTpositive_cell_17	L6a
Glutamatergic Neuron	Ntsr1_tdTpositive_cell_19	L6a
Glutamatergic Neuron	Ntsr1_tdTpositive_cell_20	L6a
Glutamatergic Neuron	Ntsr1_tdTpositive_cell_22	L6a
Glutamatergic Neuron	Ntsr1_tdTpositive_cell_24	L6a
Glutamatergic Neuron	Ntsr1_tdTpositive_cell_28	L6a
Glutamatergic Neuron	Ntsr1_tdTpositive_cell_29	L6a
Glutamatergic Neuron	Ntsr1_tdTpositive_cell_31	L6a
Glutamatergic Neuron	Ntsr1_tdTpositive_cell_33	L6a
Glutamatergic Neuron	Ntsr1_tdTpositive_cell_34	L6a
Glutamatergic Neuron	Ntsr1_tdTpositive_cell_36	L6a
Glutamatergic Neuron	Ntsr1_tdTpositive_cell_37	L6a
Glutamatergic Neuron	Ntsr1_tdTpositive_cell_39	L6a
Glutamatergic Neuron	Ntsr1_tdTpositive_cell_42	L6a
Glutamatergic Neuron	Ntsr1_tdTpositive_cell_47	L6a
Glutamatergic Neuron	Ntsr1_tdTpositive_cell_49	L6a
Glutamatergic Neuron	Ntsr1_tdTpositive_cell_50	L6a
Glutamatergic Neuron	Ntsr1_tdTpositive_cell_51	L6a
Glutamatergic Neuron	Ntsr1_tdTpositive_cell_53	L6a
Glutamatergic Neuron	Ntsr1_tdTpositive_cell_54	L6a
Glutamatergic Neuron	Ntsr1_tdTpositive_cell_55	L6a
Glutamatergic Neuron	Ntsr1_tdTpositive_cell_56	L6a
Glutamatergic Neuron	Ntsr1_tdTpositive_cell_58	L6a
Glutamatergic Neuron	Ntsr1_tdTpositive_cell_59	L6a
Glutamatergic Neuron	Ntsr1_tdTpositive_cell_60	L6a
Glutamatergic Neuron	Ntsr1_tdTpositive_cell_61	L6a
Glutamatergic Neuron	Ntsr1_tdTpositive_cell_62	L6a
Glutamatergic Neuron	Ntsr1_tdTpositive_cell_63	L6a
Glutamatergic Neuron	Ntsr1_tdTpositive_cell_64	L6a
Glutamatergic Neuron	Ntsr1_tdTpositive_cell_65	L6a
Glutamatergic Neuron	Ntsr1_tdTpositive_cell_66	L6a
Glutamatergic Neuron	Ntsr1_tdTpositive_cell_67	L6a
Glutamatergic Neuron	Ntsr1_tdTpositive_cell_68	L6a
Glutamatergic Neuron	Ntsr1_tdTpositive_cell_69	L6a
Glutamatergic Neuron	Ntsr1_tdTpositive_cell_70	L6a
Glutamatergic Neuron	Ntsr1_tdTpositive_cell_71	L6a
Glutamatergic Neuron	Ntsr1_tdTpositive_cell_72	L6a
Glutamatergic Neuron	Ntsr1_tdTpositive_cell_74	L6a
Glutamatergic Neuron	Ntsr1_tdTpositive_cell_75	L6a
Glutamatergic Neuron	Ntsr1_tdTnegative_cell_37	L6
Glutamatergic Neuron	Ntsr1_tdTnegative_cell_50	L6
Glutamatergic Neuron	Rbp4_tdTpositive_cell_123	L5
Glutamatergic Neuron	Rbp4_tdTpositive_cell_157	All
Glutamatergic Neuron	Rbp4_tdTpositive_cell_160	All
Glutamatergic Neuron	Rbp4_tdTpositive_cell_161	All
Glutamatergic Neuron	Rbp4_tdTpositive_cell_163	All
Glutamatergic Neuron	Slc17a6_tdTpositive_cell_11	All
Glutamatergic Neuron	Slc17a6_tdTpositive_cell_23	All
Glutamatergic Neuron	Slc17a6_tdTpositive_cell_39	All
Glutamatergic Neuron	CAV_LP_Ipsi_tdTpos_cell_9	All
Glutamatergic Neuron	CAV_LP_Ipsi_tdTpos_cell_23	All
Glutamatergic Neuron	CAV_LP_Ipsi_tdTpos_cell_24	All
Glutamatergic Neuron	CAV_LP_Ipsi_tdTpos_cell_25	All
Glutamatergic Neuron	CAV_LP_Ipsi_tdTpos_cell_26	All
Glutamatergic Neuron	CAV_LP_Ipsi_tdTpos_cell_27	All
Glutamatergic Neuron	CAV_LP_Ipsi_tdTpos_cell_31	All
Glutamatergic Neuron	CAV_LP_Ipsi_tdTpos_cell_33	All
Glutamatergic Neuron	CAV_LP_Ipsi_tdTpos_cell_34	All
Glutamatergic Neuron	CAV_LP_Ipsi_tdTpos_cell_35	All
Glutamatergic Neuron	CAV_LP_Ipsi_tdTpos_cell_39	All
Glutamatergic Neuron	CAV_LP_Ipsi_tdTpos_cell_43	All
Glutamatergic Neuron	CAV_VISp_Contra_tdTpos_cell_1	All
Glutamatergic Neuron	CAV_VISp_Contra_tdTpos_cell_3	All
Glutamatergic Neuron	Ctgf_tdTpositive_cell_12	L6b
Glutamatergic Neuron	Ctgf_tdTpositive_cell_13	L6b
Glutamatergic Neuron	Ctgf_tdTpositive_cell_14	L6b
Glutamatergic Neuron	Ctgf_tdTpositive_cell_18	L6b
Glutamatergic Neuron	Ctgf_tdTpositive_cell_19	L6b
Glutamatergic Neuron	Ctgf_tdTpositive_cell_20	L6b
Glutamatergic Neuron	Ctgf_tdTpositive_cell_21	L6b
Glutamatergic Neuron	Ctgf_tdTpositive_cell_23	L6b
Glutamatergic Neuron	Htr3a_tdTpositive_cell_96	L6b
Glutamatergic Neuron	Htr3a_tdTpositive_cell_99	L6b
Glutamatergic Neuron	Htr3a_tdTpositive_cell_100	L6b
Glutamatergic Neuron	Htr3a_tdTpositive_cell_111	L6b
Glutamatergic Neuron	Htr3a_tdTpositive_cell_113	L6b
Glutamatergic Neuron	Htr3a_tdTpositive_cell_117	L6b
Glutamatergic Neuron	Ntsr1_tdTnegative_cell_52	L6
Glutamatergic Neuron	Ctgf_tdTpositive_cell_11	L6b
Glutamatergic Neuron	Ctgf_tdTpositive_cell_15	L6b
Glutamatergic Neuron	Ctgf_tdTpositive_cell_16	L6b
Glutamatergic Neuron	Ctgf_tdTpositive_cell_17	L6b
Glutamatergic Neuron	Ctgf_tdTpositive_cell_22	L6b
Glutamatergic Neuron	Htr3a_tdTpositive_cell_72	lower
Glutamatergic Neuron	Htr3a_tdTpositive_cell_79	lower
Glutamatergic Neuron	Htr3a_tdTpositive_cell_93	lower
Glutamatergic Neuron	Htr3a_tdTpositive_cell_97	L6b
Glutamatergic Neuron	Htr3a_tdTpositive_cell_98	L6b
Glutamatergic Neuron	Htr3a_tdTpositive_cell_101	L6b
Glutamatergic Neuron	Htr3a_tdTpositive_cell_105	L6b
Glutamatergic Neuron	Htr3a_tdTpositive_cell_106	L6b
Glutamatergic Neuron	Htr3a_tdTpositive_cell_107	L6b
Glutamatergic Neuron	Htr3a_tdTpositive_cell_108	L6b
Glutamatergic Neuron	Htr3a_tdTpositive_cell_116	L6b
Glutamatergic Neuron	Htr3a_tdTpositive_cell_120	L6b
Glutamatergic Neuron	Htr3a_tdTpositive_cell_121	L6b
Glutamatergic Neuron	Htr3a_tdTpositive_cell_123	L6b
Glutamatergic Neuron	Ntsr1_tdTnegative_cell_31	L6a
Microglia	Cux2_tdTnegative_cell_5	L1-L2/3
Microglia	Cux2_tdTnegative_cell_6	L1-L2/3
Microglia	Cux2_tdTnegative_cell_12	L1-L2/3
Microglia	Cux2_tdTnegative_cell_15	L1-L2/3
Microglia	Ntsr1_tdTnegative_cell_18	L6a
Microglia	Ntsr1_tdTnegative_cell_28	L6a
Microglia	Rbp4_tdTnegative_cell_2	L5
Microglia	Rbp4_tdTnegative_cell_3	L5
Microglia	Rbp4_tdTnegative_cell_4	L5
Microglia	Rbp4_tdTnegative_cell_10	L5
Microglia	Rbp4_tdTnegative_cell_14	L5
Microglia	Rbp4_tdTnegative_cell_16	L5
Microglia	Rbp4_tdTnegative_cell_19	L5
Microglia	Rbp4_tdTnegative_cell_21	L5
Microglia	Rbp4_tdTnegative_cell_22	L5
Microglia	Rbp4_tdTnegative_cell_23	L5
Microglia	Scnn1a-Tg3_tdTnegative_cell_2	L4
Microglia	Scnn1a-Tg3_tdTnegative_cell_4	L4
Microglia	Scnn1a-Tg3_tdTnegative_cell_8	L4
Microglia	Scnn1a-Tg3_tdTnegative_cell_12	L4
Microglia	Scnn1a-Tg3_tdTnegative_cell_16	L4
Microglia	Scnn1a-Tg3_tdTnegative_cell_21	L4
GABA-ergic Neuron	Calb2_tdTpositive_cell_41	upper
GABA-ergic Neuron	Cux2_tdTpositive_cell_86	All
GABA-ergic Neuron	Cux2_tdTpositive_cell_87	All
GABA-ergic Neuron	Gad2_tdTpositive_cell_3	All
GABA-ergic Neuron	Gad2_tdTpositive_cell_20	All
GABA-ergic Neuron	Gad2_tdTpositive_cell_53	All
GABA-ergic Neuron	Gad2_tdTpositive_cell_76	All
GABA-ergic Neuron	Htr3a_tdTpositive_cell_1	All
GABA-ergic Neuron	Htr3a_tdTpositive_cell_2	All
GABA-ergic Neuron	Htr3a_tdTpositive_cell_11	All
GABA-ergic Neuron	Htr3a_tdTpositive_cell_16	All
GABA-ergic Neuron	Htr3a_tdTpositive_cell_17	All
GABA-ergic Neuron	Htr3a_tdTpositive_cell_18	All
GABA-ergic Neuron	Htr3a_tdTpositive_cell_22	All
GABA-ergic Neuron	Htr3a_tdTpositive_cell_24	All
GABA-ergic Neuron	Htr3a_tdTpositive_cell_30	All
GABA-ergic Neuron	Htr3a_tdTpositive_cell_33	All
GABA-ergic Neuron	Htr3a_tdTpositive_cell_35	All
GABA-ergic Neuron	Htr3a_tdTpositive_cell_44	All
GABA-ergic Neuron	Htr3a_tdTpositive_cell_55	upper
GABA-ergic Neuron	Htr3a_tdTpositive_cell_64	upper
GABA-ergic Neuron	Ndnf_tdTpositive_cell_14	L1
GABA-ergic Neuron	Ndnf_tdTpositive_cell_16	L1
GABA-ergic Neuron	Ndnf_tdTpositive_cell_18	L1
GABA-ergic Neuron	Ndnf_tdTpositive_cell_19	L1
GABA-ergic Neuron	Nos1_tdTpositive_cell_8	All
GABA-ergic Neuron	Nos1_tdTpositive_cell_19	All
GABA-ergic Neuron	Nos1_tdTpositive_cell_45	All
GABA-ergic Neuron	Nos1_tdTpositive_cell_47	All
GABA-ergic Neuron	Nos1_tdTpositive_cell_48	All
GABA-ergic Neuron	Nos1_tdTpositive_cell_55	All
GABA-ergic Neuron	Calb2_tdTpositive_cell_16	All
GABA-ergic Neuron	Calb2_tdTpositive_cell_36	upper
GABA-ergic Neuron	Calb2_tdTpositive_cell_44	upper
GABA-ergic Neuron	Calb2_tdTpositive_cell_64	lower
GABA-ergic Neuron	Chrna2_tdTpositive_cell_10	L6
GABA-ergic Neuron	Gad2_tdTpositive_cell_6	All
GABA-ergic Neuron	Gad2_tdTpositive_cell_32	All
GABA-ergic Neuron	Gad2_tdTpositive_cell_36	All
GABA-ergic Neuron	Gad2_tdTpositive_cell_54	All
GABA-ergic Neuron	Gad2_tdTpositive_cell_56	All
GABA-ergic Neuron	Gad2_tdTpositive_cell_59	All
GABA-ergic Neuron	Gad2_tdTpositive_cell_73	All
GABA-ergic Neuron	Htr3a_tdTpositive_cell_5	All
GABA-ergic Neuron	Htr3a_tdTpositive_cell_8	All
GABA-ergic Neuron	Htr3a_tdTpositive_cell_9	All
GABA-ergic Neuron	Htr3a_tdTpositive_cell_10	All
GABA-ergic Neuron	Htr3a_tdTpositive_cell_12	All
GABA-ergic Neuron	Htr3a_tdTpositive_cell_15	All
GABA-ergic Neuron	Htr3a_tdTpositive_cell_26	All
GABA-ergic Neuron	Htr3a_tdTpositive_cell_28	All
GABA-ergic Neuron	Htr3a_tdTpositive_cell_43	All
GABA-ergic Neuron	Htr3a_tdTpositive_cell_46	All
GABA-ergic Neuron	Htr3a_tdTpositive_cell_51	upper
GABA-ergic Neuron	Htr3a_tdTpositive_cell_53	upper
GABA-ergic Neuron	Htr3a_tdTpositive_cell_58	upper
GABA-ergic Neuron	Htr3a_tdTpositive_cell_59	upper
GABA-ergic Neuron	Htr3a_tdTpositive_cell_60	upper
GABA-ergic Neuron	Htr3a_tdTpositive_cell_61	upper
GABA-ergic Neuron	Htr3a_tdTpositive_cell_70	upper
GABA-ergic Neuron	Htr3a_tdTpositive_cell_81	lower
GABA-ergic Neuron	Htr3a_tdTpositive_cell_87	lower
GABA-ergic Neuron	Ndnf_tdTpositive_cell_13	L1
GABA-ergic Neuron	Ndnf_tdTpositive_cell_15	L1
GABA-ergic Neuron	Ndnf_tdTpositive_cell_17	L1
GABA-ergic Neuron	Ndnf_tdTnegative_cell_12	L1
Oligodendrocyte.3	Gad2_tdTpositive_cell_44	All
Oligodendrocyte.3	Ntsr1_tdTnegative_cell_3	L6a
Oligodendrocyte.3	Ntsr1_tdTnegative_cell_5	L6a
Oligodendrocyte.3	Ntsr1_tdTnegative_cell_13	L6a
Oligodendrocyte.3	Ntsr1_tdTnegative_cell_16	L6a
Oligodendrocyte.3	Ntsr1_tdTnegative_cell_19	L6a
Oligodendrocyte.3	Ntsr1_tdTnegative_cell_22	L6a
Oligodendrocyte.3	Ntsr1_tdTnegative_cell_23	L6a
Oligodendrocyte.3	Ntsr1_tdTnegative_cell_24	L6a
Oligodendrocyte.3	Ntsr1_tdTnegative_cell_32	L6a
Oligodendrocyte.3	Ntsr1_tdTnegative_cell_41	L6
Oligodendrocyte.3	Ntsr1_tdTnegative_cell_44	L6
Oligodendrocyte.2	Pvalb_tdTpositive_cell_81	All
Oligodendrocyte.3	Rbp4_tdTnegative_cell_1	L5
Oligodendrocyte.3	Rbp4_tdTnegative_cell_12	L5
Oligodendrocyte.3	Rbp4_tdTnegative_cell_15	L5
Oligodendrocyte.3	Rbp4_tdTnegative_cell_18	L5
Oligodendrocyte.1	Scnn1a-Tg2_tdTnegative_cell_17	L1
Oligodendrocyte.3	Scnn1a-Tg3_tdTnegative_cell_1	L4
Oligodendrocyte.3	Scnn1a-Tg3_tdTnegative_cell_6	L4
Oligodendrocyte.3	Scnn1a-Tg3_tdTnegative_cell_13	L4
Oligodendrocyte.3	Scnn1a-Tg3_tdTnegative_cell_14	L4
Oligodendrocyte.3	Scnn1a-Tg3_tdTnegative_cell_15	L4
Oligodendrocyte.3	Scnn1a-Tg3_tdTnegative_cell_18	L4
Oligodendrocyte.3	Scnn1a-Tg3_tdTnegative_cell_19	L4
Oligodendrocyte.3	Scnn1a-Tg3_tdTnegative_cell_22	L4
Oligodendrocyte.3	Scnn1a-Tg3_tdTnegative_cell_23	L4
Oligodendrocyte.1	Ntsr1_tdTnegative_cell_10	L6a
Oligodendrocyte.1	Ntsr1_tdTnegative_cell_12	L6a
Oligodendrocyte.1	Ntsr1_tdTnegative_cell_38	L6
Oligodendrocyte.1	Ntsr1_tdTnegative_cell_39	L6
Oligodendrocyte.1	Ntsr1_tdTnegative_cell_46	L6
Oligodendrocyte.3	Rbp4_tdTnegative_cell_5	L5
Oligodendrocyte.1	Rbp4_tdTnegative_cell_6	L5
Oligodendrocyte.1	Rbp4_tdTnegative_cell_9	L5
Oligodendrocyte.1	Rbp4_tdTnegative_cell_17	L5
Oligodendrocyte.1	Rbp4_tdTnegative_cell_20	L5
Oligodendrocyte.1	Scnn1a-Tg2_tdTnegative_cell_1	L1
Oligodendrocyte.1	Scnn1a-Tg2_tdTnegative_cell_9	L1
Oligodendrocyte.2	Scnn1a-Tg2_tdTnegative_cell_11	L1
Oligodendrocyte.3	Scnn1a-Tg2_tdTnegative_cell_12	L1
Oligodendrocyte.1	Scnn1a-Tg2_tdTnegative_cell_14	L1
Oligodendrocyte.2	Scnn1a-Tg2_tdTnegative_cell_15	L1
Oligodendrocyte.1	Scnn1a-Tg3_tdTnegative_cell_5	L4
Oligodendrocyte.2	Scnn1a-Tg3_tdTnegative_cell_9	L4
Oligodendrocyte.1	Scnn1a-Tg3_tdTnegative_cell_11	L4
Oligodendrocyte.2	Scnn1a-Tg3_tdTnegative_cell_17	L4
Oligodendrocyte.2	Sst_tdTpositive_cell_16	upper
Oligodendrocyte.1	Gad2_tdTpositive_cell_12	All
Oligodendrocyte.3	Gad2_tdTpositive_cell_77	All
Oligodendrocyte.3	Ntsr1_tdTnegative_cell_2	L6a
Oligodendrocyte.1	Ntsr1_tdTnegative_cell_42	L6
Oligodendrocyte.3	Rbp4_tdTnegative_cell_11	L5
Oligodendrocyte.1	Scnn1a-Tg2_tdTnegative_cell_13	L1
Oligodendrocyte.1	Scnn1a-Tg3_tdTnegative_cell_7	L4
Oligodendrocyte.3	Sst_tdTpositive_cell_19	upper
GABA-ergic Neuron	Gad2_tdTpositive_cell_9	All
GABA-ergic Neuron	Gad2_tdTpositive_cell_28	All
GABA-ergic Neuron	Gad2_tdTpositive_cell_74	All
GABA-ergic Neuron	Htr3a_tdTpositive_cell_118	L6b
GABA-ergic Neuron	Nkx2-1_tdTpositive_cell_1	upper
GABA-ergic Neuron	Nkx2-1_tdTpositive_cell_8	upper
GABA-ergic Neuron	Nkx2-1_tdTpositive_cell_20	upper
GABA-ergic Neuron	Pvalb_tdTpositive_cell_1	upper
GABA-ergic Neuron	Pvalb_tdTpositive_cell_11	upper
GABA-ergic Neuron	Pvalb_tdTpositive_cell_82	All
GABA-ergic Neuron	PvalbD-Slc32a1_tdTpositive_cell_16	All
GABA-ergic Neuron	PvalbD-Slc32a1_tdTpositive_cell_19	All
GABA-ergic Neuron	PvalbD-Slc32a1_tdTpositive_cell_29	All
GABA-ergic Neuron	PvalbD-Slc32a1_tdTpositive_cell_31	All
GABA-ergic Neuron	Calb2_tdTpositive_cell_11	All
GABA-ergic Neuron	Chrna2_tdTpositive_cell_5	L6
GABA-ergic Neuron	Chrna2_tdTpositive_cell_11	L6
GABA-ergic Neuron	Chrna2_tdTpositive_cell_13	L6
GABA-ergic Neuron	Chrna2_tdTpositive_cell_25	All
GABA-ergic Neuron	Chrna2_tdTpositive_cell_43	All
GABA-ergic Neuron	Chrna2_tdTpositive_cell_64	All
GABA-ergic Neuron	Chrna2_tdTpositive_cell_65	All
GABA-ergic Neuron	Chrna2_tdTpositive_cell_84	All
GABA-ergic Neuron	Gad2_tdTpositive_cell_4	All
GABA-ergic Neuron	Gad2_tdTpositive_cell_13	All
GABA-ergic Neuron	Gad2_tdTpositive_cell_58	All
GABA-ergic Neuron	Gad2_tdTpositive_cell_61	All
GABA-ergic Neuron	Pvalb_tdTpositive_cell_25	lower
GABA-ergic Neuron	Pvalb_tdTpositive_cell_28	lower
GABA-ergic Neuron	Pvalb_tdTpositive_cell_30	lower
GABA-ergic Neuron	Pvalb_tdTpositive_cell_31	lower
GABA-ergic Neuron	Pvalb_tdTpositive_cell_36	lower
GABA-ergic Neuron	Pvalb_tdTpositive_cell_37	lower
GABA-ergic Neuron	Pvalb_tdTpositive_cell_38	lower
GABA-ergic Neuron	Pvalb_tdTpositive_cell_45	lower
GABA-ergic Neuron	Pvalb_tdTpositive_cell_46	lower
GABA-ergic Neuron	Pvalb_tdTpositive_cell_48	lower
GABA-ergic Neuron	Pvalb_tdTpositive_cell_54	upper
GABA-ergic Neuron	Pvalb_tdTpositive_cell_59	lower
GABA-ergic Neuron	Pvalb_tdTpositive_cell_62	lower
GABA-ergic Neuron	Pvalb_tdTpositive_cell_63	lower
GABA-ergic Neuron	Pvalb_tdTpositive_cell_76	All
GABA-ergic Neuron	Pvalb_tdTpositive_cell_77	All
GABA-ergic Neuron	Pvalb_tdTpositive_cell_86	All
GABA-ergic Neuron	Pvalb_tdTpositive_cell_88	All
GABA-ergic Neuron	PvalbD-Slc32a1_tdTpositive_cell_1	All
GABA-ergic Neuron	PvalbD-Slc32a1_tdTpositive_cell_3	All
GABA-ergic Neuron	PvalbD-Slc32a1_tdTpositive_cell_4	All
GABA-ergic Neuron	PvalbD-Slc32a1_tdTpositive_cell_6	All
GABA-ergic Neuron	PvalbD-Slc32a1_tdTpositive_cell_7	All
GABA-ergic Neuron	PvalbD-Slc32a1_tdTpositive_cell_9	All
GABA-ergic Neuron	PvalbD-Slc32a1_tdTpositive_cell_10	All
GABA-ergic Neuron	PvalbD-Slc32a1_tdTpositive_cell_11	All
GABA-ergic Neuron	PvalbD-Slc32a1_tdTpositive_cell_14	All
GABA-ergic Neuron	PvalbD-Slc32a1_tdTpositive_cell_20	All
GABA-ergic Neuron	PvalbD-Slc32a1_tdTpositive_cell_24	All
GABA-ergic Neuron	PvalbD-Slc32a1_tdTpositive_cell_25	All
GABA-ergic Neuron	PvalbD-Slc32a1_tdTpositive_cell_27	All
GABA-ergic Neuron	PvalbD-Slc32a1_tdTpositive_cell_30	All
GABA-ergic Neuron	PvalbD-Slc32a1_tdTpositive_cell_33	All
GABA-ergic Neuron	PvalbD-Slc32a1_tdTpositive_cell_34	All
GABA-ergic Neuron	PvalbD-Slc32a1_tdTpositive_cell_35	All
GABA-ergic Neuron	PvalbD-Slc32a1_tdTpositive_cell_36	All
GABA-ergic Neuron	PvalbD-Slc32a1_tdTpositive_cell_37	All
GABA-ergic Neuron	PvalbD-Slc32a1_tdTpositive_cell_38	All
GABA-ergic Neuron	PvalbD-Slc32a1_tdTpositive_cell_40	All
GABA-ergic Neuron	PvalbD-Slc32a1_tdTpositive_cell_42	All
GABA-ergic Neuron	PvalbD-Slc32a1_tdTpositive_cell_43	All
GABA-ergic Neuron	PvalbD-Slc32a1_tdTpositive_cell_44	All
GABA-ergic Neuron	PvalbF-Gad2_tdTpositive_cell_17	All
GABA-ergic Neuron	Sst_tdTpositive_cell_68	lower
GABA-ergic Neuron	Sst_tdTpositive_cell_70	lower
GABA-ergic Neuron	Sst_tdTpositive_cell_94	All
GABA-ergic Neuron	Sst_tdTpositive_cell_106	All
GABA-ergic Neuron	Tac2_tdTpositive_cell_4	All
GABA-ergic Neuron	Tac2_tdTpositive_cell_5	All
GABA-ergic Neuron	Tac2_tdTpositive_cell_8	All
GABA-ergic Neuron	Pvalb_tdTpositive_cell_67	All
GABA-ergic Neuron	PvalbD-Slc32a1_tdTpositive_cell_41	All
GABA-ergic Neuron	PvalbF-Gad2_tdTpositive_cell_2	All
GABA-ergic Neuron	PvalbF-Gad2_tdTpositive_cell_3	All
GABA-ergic Neuron	PvalbF-Gad2_tdTpositive_cell_4	All
GABA-ergic Neuron	PvalbF-Gad2_tdTpositive_cell_9	All
GABA-ergic Neuron	PvalbF-Gad2_tdTpositive_cell_10	All
GABA-ergic Neuron	PvalbF-Gad2_tdTpositive_cell_11	All
GABA-ergic Neuron	PvalbF-Gad2_tdTpositive_cell_12	All
GABA-ergic Neuron	PvalbF-Gad2_tdTpositive_cell_18	All
GABA-ergic Neuron	PvalbF-Gad2_tdTpositive_cell_24	All
GABA-ergic Neuron	PvalbF-Gad2_tdTpositive_cell_25	All
GABA-ergic Neuron	PvalbF-Gad2_tdTpositive_cell_26	All
GABA-ergic Neuron	PvalbF-Gad2_tdTpositive_cell_27	All
GABA-ergic Neuron	PvalbF-Gad2_tdTpositive_cell_28	All
GABA-ergic Neuron	PvalbF-Gad2_tdTpositive_cell_29	All
GABA-ergic Neuron	PvalbF-Gad2_tdTpositive_cell_33	All
GABA-ergic Neuron	PvalbF-Gad2_tdTpositive_cell_36	All
GABA-ergic Neuron	PvalbF-Gad2_tdTpositive_cell_38	All
GABA-ergic Neuron	PvalbF-Gad2_tdTpositive_cell_80	lower
GABA-ergic Neuron	Gad2_tdTpositive_cell_11	All
GABA-ergic Neuron	Pvalb_tdTpositive_cell_27	lower
GABA-ergic Neuron	Pvalb_tdTpositive_cell_33	lower
GABA-ergic Neuron	Pvalb_tdTpositive_cell_34	lower
GABA-ergic Neuron	Pvalb_tdTpositive_cell_39	lower
GABA-ergic Neuron	Pvalb_tdTpositive_cell_41	lower
GABA-ergic Neuron	Pvalb_tdTpositive_cell_44	lower
GABA-ergic Neuron	Pvalb_tdTpositive_cell_57	lower
GABA-ergic Neuron	Pvalb_tdTpositive_cell_58	lower
GABA-ergic Neuron	Pvalb_tdTpositive_cell_72	All
GABA-ergic Neuron	Pvalb_tdTpositive_cell_73	All
GABA-ergic Neuron	Pvalb_tdTpositive_cell_78	All
GABA-ergic Neuron	Pvalb_tdTpositive_cell_79	All
GABA-ergic Neuron	Pvalb_tdTpositive_cell_84	All
GABA-ergic Neuron	Pvalb_tdTpositive_cell_85	All
GABA-ergic Neuron	PvalbD-Slc32a1_tdTpositive_cell_2	All
GABA-ergic Neuron	PvalbD-Slc32a1_tdTpositive_cell_13	All
GABA-ergic Neuron	PvalbD-Slc32a1_tdTpositive_cell_21	All
GABA-ergic Neuron	PvalbD-Slc32a1_tdTpositive_cell_28	All
GABA-ergic Neuron	PvalbD-Slc32a1_tdTpositive_cell_39	All
GABA-ergic Neuron	PvalbF-Gad2_tdTpositive_cell_13	All
GABA-ergic Neuron	PvalbF-Gad2_tdTpositive_cell_20	All
GABA-ergic Neuron	PvalbF-Gad2_tdTpositive_cell_40	All
GABA-ergic Neuron	PvalbF-Gad2_tdTpositive_cell_44	All
GABA-ergic Neuron	PvalbF-Gad2_tdTpositive_cell_68	lower
GABA-ergic Neuron	PvalbF-Gad2_tdTpositive_cell_69	lower
GABA-ergic Neuron	PvalbF-Gad2_tdTpositive_cell_75	lower
GABA-ergic Neuron	PvalbF-Gad2_tdTpositive_cell_76	lower
GABA-ergic Neuron	PvalbF-Gad2_tdTpositive_cell_78	lower
GABA-ergic Neuron	PvalbF-Gad2_tdTpositive_cell_84	lower
GABA-ergic Neuron	PvalbF-Gad2_tdTpositive_cell_87	lower
GABA-ergic Neuron	Cux2_tdTpositive_cell_63	L1-L2/3
GABA-ergic Neuron	Cux2_tdTnegative_cell_9	L1-L2/3
GABA-ergic Neuron	Gad2_tdTpositive_cell_65	All
GABA-ergic Neuron	Htr3a_tdTpositive_cell_85	lower
GABA-ergic Neuron	Nkx2-1_tdTpositive_cell_2	upper
GABA-ergic Neuron	Nkx2-1_tdTpositive_cell_4	upper
GABA-ergic Neuron	Nkx2-1_tdTpositive_cell_6	upper
GABA-ergic Neuron	Nkx2-1_tdTpositive_cell_10	upper
GABA-ergic Neuron	Nkx2-1_tdTpositive_cell_11	upper
GABA-ergic Neuron	Nkx2-1_tdTpositive_cell_13	upper
GABA-ergic Neuron	Pvalb_tdTpositive_cell_2	upper
GABA-ergic Neuron	Pvalb_tdTpositive_cell_4	upper
GABA-ergic Neuron	Pvalb_tdTpositive_cell_6	upper
GABA-ergic Neuron	Pvalb_tdTpositive_cell_7	upper
GABA-ergic Neuron	Pvalb_tdTpositive_cell_8	upper
GABA-ergic Neuron	Pvalb_tdTpositive_cell_9	upper
GABA-ergic Neuron	Pvalb_tdTpositive_cell_16	upper
GABA-ergic Neuron	Pvalb_tdTpositive_cell_18	upper
GABA-ergic Neuron	Pvalb_tdTpositive_cell_19	upper
GABA-ergic Neuron	Pvalb_tdTpositive_cell_24	upper
GABA-ergic Neuron	Pvalb_tdTpositive_cell_29	lower
GABA-ergic Neuron	Pvalb_tdTpositive_cell_42	lower
GABA-ergic Neuron	Pvalb_tdTpositive_cell_51	upper
GABA-ergic Neuron	Pvalb_tdTpositive_cell_53	upper
GABA-ergic Neuron	Pvalb_tdTpositive_cell_55	upper
GABA-ergic Neuron	Pvalb_tdTpositive_cell_56	upper
GABA-ergic Neuron	Pvalb_tdTpositive_cell_60	lower
GABA-ergic Neuron	Pvalb_tdTpositive_cell_64	lower
GABA-ergic Neuron	Pvalb_tdTpositive_cell_70	All
GABA-ergic Neuron	Pvalb_tdTpositive_cell_71	All
GABA-ergic Neuron	Pvalb_tdTpositive_cell_80	All
GABA-ergic Neuron	Pvalb_tdTpositive_cell_83	All
GABA-ergic Neuron	Pvalb_tdTpositive_cell_87	All
GABA-ergic Neuron	Pvalb_tdTpositive_cell_89	All
GABA-ergic Neuron	PvalbD-Slc32a1_tdTpositive_cell_5	All
GABA-ergic Neuron	PvalbD-Slc32a1_tdTpositive_cell_23	All
GABA-ergic Neuron	PvalbD-Slc32a1_tdTpositive_cell_26	All
GABA-ergic Neuron	PvalbD-Slc32a1_tdTpositive_cell_32	All
GABA-ergic Neuron	PvalbF-Gad2_tdTpositive_cell_1	All
GABA-ergic Neuron	PvalbF-Gad2_tdTpositive_cell_5	All
GABA-ergic Neuron	PvalbF-Gad2_tdTpositive_cell_6	All
GABA-ergic Neuron	PvalbF-Gad2_tdTpositive_cell_7	All
GABA-ergic Neuron	PvalbF-Gad2_tdTpositive_cell_14	All
GABA-ergic Neuron	PvalbF-Gad2_tdTpositive_cell_16	All
GABA-ergic Neuron	PvalbF-Gad2_tdTpositive_cell_19	All
GABA-ergic Neuron	PvalbF-Gad2_tdTpositive_cell_22	All
GABA-ergic Neuron	PvalbF-Gad2_tdTpositive_cell_23	All
GABA-ergic Neuron	PvalbF-Gad2_tdTpositive_cell_30	All
GABA-ergic Neuron	PvalbF-Gad2_tdTpositive_cell_34	All
GABA-ergic Neuron	PvalbF-Gad2_tdTpositive_cell_35	All
GABA-ergic Neuron	PvalbF-Gad2_tdTpositive_cell_41	All
GABA-ergic Neuron	PvalbF-Gad2_tdTpositive_cell_45	upper
GABA-ergic Neuron	PvalbF-Gad2_tdTpositive_cell_46	upper
GABA-ergic Neuron	PvalbF-Gad2_tdTpositive_cell_47	upper
GABA-ergic Neuron	PvalbF-Gad2_tdTpositive_cell_48	upper
GABA-ergic Neuron	PvalbF-Gad2_tdTpositive_cell_49	upper
GABA-ergic Neuron	PvalbF-Gad2_tdTpositive_cell_52	upper
GABA-ergic Neuron	PvalbF-Gad2_tdTpositive_cell_53	upper
GABA-ergic Neuron	PvalbF-Gad2_tdTpositive_cell_54	upper
GABA-ergic Neuron	PvalbF-Gad2_tdTpositive_cell_55	upper
GABA-ergic Neuron	PvalbF-Gad2_tdTpositive_cell_57	upper
GABA-ergic Neuron	PvalbF-Gad2_tdTpositive_cell_58	upper
GABA-ergic Neuron	PvalbF-Gad2_tdTpositive_cell_61	upper
GABA-ergic Neuron	PvalbF-Gad2_tdTpositive_cell_63	upper
GABA-ergic Neuron	PvalbF-Gad2_tdTpositive_cell_65	upper
GABA-ergic Neuron	PvalbF-Gad2_tdTpositive_cell_70	lower
GABA-ergic Neuron	Rbp4_tdTpositive_cell_51	L5
GABA-ergic Neuron	Sst_tdTpositive_cell_56	upper
GABA-ergic Neuron	Sst_tdTpositive_cell_66	lower
GABA-ergic Neuron	Tac2_tdTpositive_cell_1	All
GABA-ergic Neuron	Tac2_tdTpositive_cell_7	All
GABA-ergic Neuron	Gad2_tdTpositive_cell_57	All
GABA-ergic Neuron	Gad2_tdTpositive_cell_71	All
GABA-ergic Neuron	Nkx2-1_tdTpositive_cell_3	upper
GABA-ergic Neuron	Nkx2-1_tdTpositive_cell_5	upper
GABA-ergic Neuron	Nkx2-1_tdTpositive_cell_7	upper
GABA-ergic Neuron	Nkx2-1_tdTpositive_cell_9	upper
GABA-ergic Neuron	Nkx2-1_tdTpositive_cell_12	upper
GABA-ergic Neuron	Nkx2-1_tdTpositive_cell_15	upper
GABA-ergic Neuron	Nkx2-1_tdTpositive_cell_16	upper
GABA-ergic Neuron	Nkx2-1_tdTpositive_cell_17	upper
GABA-ergic Neuron	Pvalb_tdTpositive_cell_10	upper
GABA-ergic Neuron	Pvalb_tdTpositive_cell_15	upper
GABA-ergic Neuron	Pvalb_tdTpositive_cell_20	upper
GABA-ergic Neuron	Pvalb_tdTpositive_cell_23	upper
GABA-ergic Neuron	Pvalb_tdTpositive_cell_50	upper
GABA-ergic Neuron	PvalbD-Slc32a1_tdTpositive_cell_12	All
GABA-ergic Neuron	PvalbD-Slc32a1_tdTpositive_cell_22	All
GABA-ergic Neuron	Tac2_tdTpositive_cell_6	All
GABA-ergic Neuron	Chrna2_tdTpositive_cell_62	All
GABA-ergic Neuron	Gad2_tdTpositive_cell_43	All
GABA-ergic Neuron	Gad2_tdTpositive_cell_47	All
GABA-ergic Neuron	Gad2_tdTpositive_cell_55	All
GABA-ergic Neuron	Gad2_tdTpositive_cell_75	All
GABA-ergic Neuron	Nkx2-1_tdTpositive_cell_18	upper
GABA-ergic Neuron	Pvalb_tdTpositive_cell_3	upper
GABA-ergic Neuron	Pvalb_tdTpositive_cell_5	upper
GABA-ergic Neuron	Pvalb_tdTpositive_cell_12	upper
GABA-ergic Neuron	Pvalb_tdTpositive_cell_13	upper
GABA-ergic Neuron	Pvalb_tdTpositive_cell_14	upper
GABA-ergic Neuron	Pvalb_tdTpositive_cell_17	upper
GABA-ergic Neuron	Pvalb_tdTpositive_cell_21	upper
GABA-ergic Neuron	Pvalb_tdTpositive_cell_22	upper
GABA-ergic Neuron	Pvalb_tdTpositive_cell_26	lower
GABA-ergic Neuron	Pvalb_tdTpositive_cell_32	lower
GABA-ergic Neuron	Pvalb_tdTpositive_cell_35	lower
GABA-ergic Neuron	Pvalb_tdTpositive_cell_40	lower
GABA-ergic Neuron	Pvalb_tdTpositive_cell_43	lower
GABA-ergic Neuron	Pvalb_tdTpositive_cell_47	lower
GABA-ergic Neuron	Pvalb_tdTpositive_cell_49	upper
GABA-ergic Neuron	Pvalb_tdTpositive_cell_61	lower
GABA-ergic Neuron	Pvalb_tdTpositive_cell_65	All
GABA-ergic Neuron	Pvalb_tdTpositive_cell_66	All
GABA-ergic Neuron	Pvalb_tdTpositive_cell_68	All
GABA-ergic Neuron	Pvalb_tdTpositive_cell_69	All
GABA-ergic Neuron	Pvalb_tdTpositive_cell_74	All
GABA-ergic Neuron	Pvalb_tdTpositive_cell_75	All
GABA-ergic Neuron	PvalbD-Slc32a1_tdTpositive_cell_17	All
GABA-ergic Neuron	PvalbD-Slc32a1_tdTpositive_cell_18	All
GABA-ergic Neuron	PvalbF-Gad2_tdTpositive_cell_8	All
GABA-ergic Neuron	PvalbF-Gad2_tdTpositive_cell_15	All
GABA-ergic Neuron	PvalbF-Gad2_tdTpositive_cell_21	All
GABA-ergic Neuron	PvalbF-Gad2_tdTpositive_cell_32	All
GABA-ergic Neuron	PvalbF-Gad2_tdTpositive_cell_37	All
GABA-ergic Neuron	PvalbF-Gad2_tdTpositive_cell_39	All
GABA-ergic Neuron	PvalbF-Gad2_tdTpositive_cell_42	All
GABA-ergic Neuron	PvalbF-Gad2_tdTpositive_cell_43	All
GABA-ergic Neuron	PvalbF-Gad2_tdTpositive_cell_50	upper
GABA-ergic Neuron	PvalbF-Gad2_tdTpositive_cell_51	upper
GABA-ergic Neuron	PvalbF-Gad2_tdTpositive_cell_56	upper
GABA-ergic Neuron	PvalbF-Gad2_tdTpositive_cell_59	upper
GABA-ergic Neuron	PvalbF-Gad2_tdTpositive_cell_60	upper
GABA-ergic Neuron	PvalbF-Gad2_tdTpositive_cell_62	upper
GABA-ergic Neuron	PvalbF-Gad2_tdTpositive_cell_64	upper
GABA-ergic Neuron	PvalbF-Gad2_tdTpositive_cell_66	upper
GABA-ergic Neuron	PvalbF-Gad2_tdTpositive_cell_67	upper
GABA-ergic Neuron	PvalbF-Gad2_tdTpositive_cell_71	lower
GABA-ergic Neuron	PvalbF-Gad2_tdTpositive_cell_72	lower
GABA-ergic Neuron	PvalbF-Gad2_tdTpositive_cell_73	lower
GABA-ergic Neuron	PvalbF-Gad2_tdTpositive_cell_74	lower
GABA-ergic Neuron	PvalbF-Gad2_tdTpositive_cell_77	lower
GABA-ergic Neuron	PvalbF-Gad2_tdTpositive_cell_79	lower
GABA-ergic Neuron	PvalbF-Gad2_tdTpositive_cell_81	lower
GABA-ergic Neuron	PvalbF-Gad2_tdTpositive_cell_82	lower
GABA-ergic Neuron	PvalbF-Gad2_tdTpositive_cell_83	lower
GABA-ergic Neuron	PvalbF-Gad2_tdTpositive_cell_85	lower
GABA-ergic Neuron	PvalbF-Gad2_tdTpositive_cell_86	lower
GABA-ergic Neuron	Chrna2_tdTpositive_cell_12	L6
GABA-ergic Neuron	Gad2_tdTpositive_cell_2	All
GABA-ergic Neuron	Gad2_tdTpositive_cell_7	All
GABA-ergic Neuron	Gad2_tdTpositive_cell_31	All
GABA-ergic Neuron	Htr3a_tdTpositive_cell_90	lower
GABA-ergic Neuron	Htr3a_tdTpositive_cell_112	L6b
GABA-ergic Neuron	Htr3a_tdTpositive_cell_115	L6b
GABA-ergic Neuron	Htr3a_tdTpositive_cell_119	L6b
GABA-ergic Neuron	Htr3a_tdTpositive_cell_122	L6b
GABA-ergic Neuron	Cux2_tdTpositive_cell_72	L1-L2/3
GABA-ergic Neuron	Cux2_tdTpositive_cell_98	All
GABA-ergic Neuron	Gad2_tdTpositive_cell_8	All
GABA-ergic Neuron	Gad2_tdTpositive_cell_17	All
GABA-ergic Neuron	Gad2_tdTpositive_cell_37	All
GABA-ergic Neuron	Gad2_tdTpositive_cell_68	All
GABA-ergic Neuron	Htr3a_tdTpositive_cell_78	lower
GABA-ergic Neuron	Htr3a_tdTpositive_cell_84	lower
GABA-ergic Neuron	Htr3a_tdTpositive_cell_104	L6b
GABA-ergic Neuron	Ndnf_tdTnegative_cell_2	L1
GABA-ergic Neuron	Nkx2-1_tdTpositive_cell_19	upper
GABA-ergic Neuron	Nos1_tdTpositive_cell_39	All
GABA-ergic Neuron	Pvalb_tdTpositive_cell_52	upper
GABA-ergic Neuron	Sst_tdTpositive_cell_1	upper
GABA-ergic Neuron	Sst_tdTpositive_cell_2	upper
GABA-ergic Neuron	Sst_tdTpositive_cell_3	upper
GABA-ergic Neuron	Sst_tdTpositive_cell_5	upper
GABA-ergic Neuron	Sst_tdTpositive_cell_6	upper
GABA-ergic Neuron	Sst_tdTpositive_cell_7	upper
GABA-ergic Neuron	Sst_tdTpositive_cell_8	upper
GABA-ergic Neuron	Sst_tdTpositive_cell_9	upper
GABA-ergic Neuron	Sst_tdTpositive_cell_10	upper
GABA-ergic Neuron	Sst_tdTpositive_cell_11	upper
GABA-ergic Neuron	Sst_tdTpositive_cell_12	upper
GABA-ergic Neuron	Sst_tdTpositive_cell_14	upper
GABA-ergic Neuron	Sst_tdTpositive_cell_15	upper
GABA-ergic Neuron	Sst_tdTpositive_cell_17	upper
GABA-ergic Neuron	Sst_tdTpositive_cell_24	All
GABA-ergic Neuron	Sst_tdTpositive_cell_25	All
GABA-ergic Neuron	Sst_tdTpositive_cell_28	All
GABA-ergic Neuron	Sst_tdTpositive_cell_29	All
GABA-ergic Neuron	Sst_tdTpositive_cell_30	All
GABA-ergic Neuron	Sst_tdTpositive_cell_34	All
GABA-ergic Neuron	Sst_tdTpositive_cell_35	All
GABA-ergic Neuron	Sst_tdTpositive_cell_36	All
GABA-ergic Neuron	Sst_tdTpositive_cell_38	All
GABA-ergic Neuron	Sst_tdTpositive_cell_39	upper
GABA-ergic Neuron	Sst_tdTpositive_cell_42	upper
GABA-ergic Neuron	Sst_tdTpositive_cell_43	upper
GABA-ergic Neuron	Sst_tdTpositive_cell_44	upper
GABA-ergic Neuron	Sst_tdTpositive_cell_46	upper
GABA-ergic Neuron	Sst_tdTpositive_cell_47	upper
GABA-ergic Neuron	Sst_tdTpositive_cell_49	upper
GABA-ergic Neuron	Sst_tdTpositive_cell_50	upper
GABA-ergic Neuron	Sst_tdTpositive_cell_51	upper
GABA-ergic Neuron	Sst_tdTpositive_cell_52	upper
GABA-ergic Neuron	Sst_tdTpositive_cell_53	upper
GABA-ergic Neuron	Sst_tdTpositive_cell_54	upper
GABA-ergic Neuron	Sst_tdTpositive_cell_57	upper
GABA-ergic Neuron	Sst_tdTpositive_cell_58	upper
GABA-ergic Neuron	Sst_tdTpositive_cell_59	upper
GABA-ergic Neuron	Sst_tdTpositive_cell_60	upper
GABA-ergic Neuron	Sst_tdTpositive_cell_61	upper
GABA-ergic Neuron	Sst_tdTpositive_cell_69	lower
GABA-ergic Neuron	Sst_tdTpositive_cell_76	All
GABA-ergic Neuron	Sst_tdTpositive_cell_78	All
GABA-ergic Neuron	Sst_tdTpositive_cell_81	All
GABA-ergic Neuron	Sst_tdTpositive_cell_84	All
GABA-ergic Neuron	Sst_tdTpositive_cell_86	All
GABA-ergic Neuron	Sst_tdTpositive_cell_87	All
GABA-ergic Neuron	Sst_tdTpositive_cell_91	All
GABA-ergic Neuron	Sst_tdTpositive_cell_92	All
GABA-ergic Neuron	Sst_tdTpositive_cell_96	All
GABA-ergic Neuron	Sst_tdTpositive_cell_97	All
GABA-ergic Neuron	Sst_tdTpositive_cell_99	All
GABA-ergic Neuron	Sst_tdTpositive_cell_102	All
GABA-ergic Neuron	Sst_tdTpositive_cell_103	All
GABA-ergic Neuron	Sst_tdTpositive_cell_104	All
GABA-ergic Neuron	Chrna2_tdTpositive_cell_27	All
GABA-ergic Neuron	Chrna2_tdTpositive_cell_42	All
GABA-ergic Neuron	Chrna2_tdTpositive_cell_44	All
GABA-ergic Neuron	Chrna2_tdTpositive_cell_45	All
GABA-ergic Neuron	Chrna2_tdTpositive_cell_50	All
GABA-ergic Neuron	Chrna2_tdTpositive_cell_60	All
GABA-ergic Neuron	Chrna2_tdTpositive_cell_76	All
GABA-ergic Neuron	Chrna2_tdTpositive_cell_79	All
GABA-ergic Neuron	Chrna2_tdTpositive_cell_80	All
GABA-ergic Neuron	Chrna2_tdTpositive_cell_83	All
GABA-ergic Neuron	Sst_tdTpositive_cell_22	All
GABA-ergic Neuron	Sst_tdTpositive_cell_27	All
GABA-ergic Neuron	Sst_tdTpositive_cell_32	All
GABA-ergic Neuron	Sst_tdTpositive_cell_37	All
GABA-ergic Neuron	Sst_tdTpositive_cell_41	upper
GABA-ergic Neuron	Sst_tdTpositive_cell_48	upper
GABA-ergic Neuron	Sst_tdTpositive_cell_85	All
GABA-ergic Neuron	Sst_tdTpositive_cell_93	All
GABA-ergic Neuron	Sst_tdTpositive_cell_107	All
GABA-ergic Neuron	Chrna2_tdTpositive_cell_4	L6
GABA-ergic Neuron	Chrna2_tdTpositive_cell_31	All
GABA-ergic Neuron	Chrna2_tdTpositive_cell_77	All
GABA-ergic Neuron	Nos1_tdTpositive_cell_4	All
GABA-ergic Neuron	Nos1_tdTpositive_cell_6	All
GABA-ergic Neuron	Nos1_tdTpositive_cell_7	All
GABA-ergic Neuron	Nos1_tdTpositive_cell_11	All
GABA-ergic Neuron	Nos1_tdTpositive_cell_12	All
GABA-ergic Neuron	Nos1_tdTpositive_cell_14	All
GABA-ergic Neuron	Nos1_tdTpositive_cell_15	All
GABA-ergic Neuron	Nos1_tdTpositive_cell_16	All
GABA-ergic Neuron	Nos1_tdTpositive_cell_17	All
GABA-ergic Neuron	Nos1_tdTpositive_cell_18	All
GABA-ergic Neuron	Nos1_tdTpositive_cell_20	All
GABA-ergic Neuron	Nos1_tdTpositive_cell_21	All
GABA-ergic Neuron	Nos1_tdTpositive_cell_22	All
GABA-ergic Neuron	Nos1_tdTpositive_cell_24	All
GABA-ergic Neuron	Nos1_tdTpositive_cell_25	All
GABA-ergic Neuron	Nos1_tdTpositive_cell_29	All
GABA-ergic Neuron	Nos1_tdTpositive_cell_32	All
GABA-ergic Neuron	Nos1_tdTpositive_cell_35	All
GABA-ergic Neuron	Nos1_tdTpositive_cell_44	All
GABA-ergic Neuron	Nos1_tdTpositive_cell_50	All
GABA-ergic Neuron	Nos1_tdTpositive_cell_52	All
GABA-ergic Neuron	Nos1_tdTpositive_cell_53	All
GABA-ergic Neuron	Nos1_tdTpositive_cell_56	All
GABA-ergic Neuron	Nos1_tdTpositive_cell_57	All
GABA-ergic Neuron	Nos1_tdTpositive_cell_58	All
GABA-ergic Neuron	Nos1_tdTpositive_cell_62	All
GABA-ergic Neuron	Nos1_tdTpositive_cell_63	All
GABA-ergic Neuron	Nos1_tdTpositive_cell_64	All
GABA-ergic Neuron	Nos1_tdTpositive_cell_67	All
GABA-ergic Neuron	Nos1_tdTpositive_cell_68	All
GABA-ergic Neuron	Nos1_tdTpositive_cell_70	All
GABA-ergic Neuron	Sst_tdTpositive_cell_4	upper
GABA-ergic Neuron	Sst_tdTpositive_cell_18	upper
GABA-ergic Neuron	Sst_tdTpositive_cell_33	All
GABA-ergic Neuron	Sst_tdTpositive_cell_55	upper
GABA-ergic Neuron	Sst_tdTpositive_cell_79	All
GABA-ergic Neuron	Sst_tdTpositive_cell_80	All
GABA-ergic Neuron	Sst_tdTpositive_cell_101	All
GABA-ergic Neuron	Chrna2_tdTpositive_cell_2	L6
GABA-ergic Neuron	Chrna2_tdTpositive_cell_7	L6
GABA-ergic Neuron	Chrna2_tdTpositive_cell_15	All
GABA-ergic Neuron	Chrna2_tdTpositive_cell_16	All
GABA-ergic Neuron	Chrna2_tdTpositive_cell_17	All
GABA-ergic Neuron	Chrna2_tdTpositive_cell_20	All
GABA-ergic Neuron	Chrna2_tdTpositive_cell_21	All
GABA-ergic Neuron	Chrna2_tdTpositive_cell_26	All
GABA-ergic Neuron	Chrna2_tdTpositive_cell_28	All
GABA-ergic Neuron	Chrna2_tdTpositive_cell_30	All
GABA-ergic Neuron	Chrna2_tdTpositive_cell_32	All
GABA-ergic Neuron	Chrna2_tdTpositive_cell_33	All
GABA-ergic Neuron	Chrna2_tdTpositive_cell_34	All
GABA-ergic Neuron	Chrna2_tdTpositive_cell_35	All
GABA-ergic Neuron	Chrna2_tdTpositive_cell_36	All
GABA-ergic Neuron	Chrna2_tdTpositive_cell_37	All
GABA-ergic Neuron	Chrna2_tdTpositive_cell_39	All
GABA-ergic Neuron	Chrna2_tdTpositive_cell_46	All
GABA-ergic Neuron	Chrna2_tdTpositive_cell_47	All
GABA-ergic Neuron	Chrna2_tdTpositive_cell_48	All
GABA-ergic Neuron	Chrna2_tdTpositive_cell_52	All
GABA-ergic Neuron	Chrna2_tdTpositive_cell_55	All
GABA-ergic Neuron	Chrna2_tdTpositive_cell_56	All
GABA-ergic Neuron	Chrna2_tdTpositive_cell_57	All
GABA-ergic Neuron	Chrna2_tdTpositive_cell_59	All
GABA-ergic Neuron	Chrna2_tdTpositive_cell_70	All
GABA-ergic Neuron	Chrna2_tdTpositive_cell_78	All
GABA-ergic Neuron	Gad2_tdTpositive_cell_72	All
GABA-ergic Neuron	Rbp4_tdTpositive_cell_126	L5
GABA-ergic Neuron	Sst_tdTpositive_cell_40	upper
GABA-ergic Neuron	Sst_tdTpositive_cell_45	upper
GABA-ergic Neuron	Sst_tdTpositive_cell_62	lower
GABA-ergic Neuron	Sst_tdTpositive_cell_64	lower
GABA-ergic Neuron	Sst_tdTpositive_cell_67	lower
GABA-ergic Neuron	Sst_tdTpositive_cell_73	lower
GABA-ergic Neuron	Sst_tdTpositive_cell_77	All
GABA-ergic Neuron	Sst_tdTpositive_cell_83	All
GABA-ergic Neuron	Sst_tdTpositive_cell_88	All
GABA-ergic Neuron	Sst_tdTpositive_cell_89	All
GABA-ergic Neuron	Sst_tdTpositive_cell_95	All
GABA-ergic Neuron	Sst_tdTpositive_cell_98	All
GABA-ergic Neuron	Chrna2_tdTpositive_cell_9	L6
GABA-ergic Neuron	Chrna2_tdTpositive_cell_29	All
GABA-ergic Neuron	Chrna2_tdTpositive_cell_40	All
GABA-ergic Neuron	Chrna2_tdTpositive_cell_66	All
GABA-ergic Neuron	Htr3a_tdTpositive_cell_82	lower
GABA-ergic Neuron	Htr3a_tdTpositive_cell_89	lower
GABA-ergic Neuron	Htr3a_tdTpositive_cell_94	lower
GABA-ergic Neuron	PvalbD-Slc32a1_tdTpositive_cell_8	All
GABA-ergic Neuron	Sst_tdTpositive_cell_21	All
GABA-ergic Neuron	Sst_tdTpositive_cell_26	All
GABA-ergic Neuron	Sst_tdTpositive_cell_31	All
GABA-ergic Neuron	Sst_tdTpositive_cell_74	lower
GABA-ergic Neuron	Sst_tdTpositive_cell_82	All
GABA-ergic Neuron	Sst_tdTpositive_cell_90	All
GABA-ergic Neuron	Chrna2_tdTpositive_cell_6	L6
GABA-ergic Neuron	Chrna2_tdTpositive_cell_14	All
GABA-ergic Neuron	Chrna2_tdTpositive_cell_19	All
GABA-ergic Neuron	Chrna2_tdTpositive_cell_23	All
GABA-ergic Neuron	Chrna2_tdTpositive_cell_41	All
GABA-ergic Neuron	Chrna2_tdTpositive_cell_49	All
GABA-ergic Neuron	Chrna2_tdTpositive_cell_53	All
GABA-ergic Neuron	Chrna2_tdTpositive_cell_54	All
GABA-ergic Neuron	Htr3a_tdTpositive_cell_83	lower
GABA-ergic Neuron	Htr3a_tdTpositive_cell_91	lower
GABA-ergic Neuron	Ntsr1_tdTnegative_cell_54	L6
GABA-ergic Neuron	Sst_tdTpositive_cell_23	All
GABA-ergic Neuron	Sst_tdTpositive_cell_63	lower
GABA-ergic Neuron	Sst_tdTpositive_cell_65	lower
GABA-ergic Neuron	Sst_tdTpositive_cell_71	lower
GABA-ergic Neuron	Sst_tdTpositive_cell_72	lower
GABA-ergic Neuron	Sst_tdTpositive_cell_75	lower
GABA-ergic Neuron	Sst_tdTpositive_cell_100	All
GABA-ergic Neuron	Sst_tdTpositive_cell_105	All
GABA-ergic Neuron	Calb2_tdTpositive_cell_4	All
GABA-ergic Neuron	Calb2_tdTpositive_cell_13	All
GABA-ergic Neuron	Calb2_tdTpositive_cell_18	All
GABA-ergic Neuron	Calb2_tdTpositive_cell_19	All
GABA-ergic Neuron	Calb2_tdTpositive_cell_21	All
GABA-ergic Neuron	Calb2_tdTpositive_cell_25	All
GABA-ergic Neuron	Calb2_tdTpositive_cell_26	All
GABA-ergic Neuron	Calb2_tdTpositive_cell_35	upper
GABA-ergic Neuron	Calb2_tdTpositive_cell_49	lower
GABA-ergic Neuron	Calb2_tdTpositive_cell_62	lower
GABA-ergic Neuron	Calb2_tdTpositive_cell_63	lower
GABA-ergic Neuron	Chat_tdTpositive_cell_1	All
GABA-ergic Neuron	Chat_tdTpositive_cell_2	All
GABA-ergic Neuron	Chat_tdTpositive_cell_3	All
GABA-ergic Neuron	Chat_tdTpositive_cell_4	All
GABA-ergic Neuron	Chat_tdTpositive_cell_5	All
GABA-ergic Neuron	Chat_tdTpositive_cell_6	All
GABA-ergic Neuron	Cux2_tdTnegative_cell_1	L1-L2/3
GABA-ergic Neuron	Gad2_tdTpositive_cell_14	All
GABA-ergic Neuron	Gad2_tdTpositive_cell_19	All
GABA-ergic Neuron	Gad2_tdTpositive_cell_23	All
GABA-ergic Neuron	Gad2_tdTpositive_cell_29	All
GABA-ergic Neuron	Gad2_tdTpositive_cell_35	All
GABA-ergic Neuron	Gad2_tdTpositive_cell_38	All
GABA-ergic Neuron	Gad2_tdTpositive_cell_60	All
GABA-ergic Neuron	Htr3a_tdTpositive_cell_4	All
GABA-ergic Neuron	Htr3a_tdTpositive_cell_7	All
GABA-ergic Neuron	Htr3a_tdTpositive_cell_19	All
GABA-ergic Neuron	Htr3a_tdTpositive_cell_20	All
GABA-ergic Neuron	Htr3a_tdTpositive_cell_31	All
GABA-ergic Neuron	Htr3a_tdTpositive_cell_37	All
GABA-ergic Neuron	Htr3a_tdTpositive_cell_38	All
GABA-ergic Neuron	Htr3a_tdTpositive_cell_40	All
GABA-ergic Neuron	Htr3a_tdTpositive_cell_57	upper
GABA-ergic Neuron	Htr3a_tdTpositive_cell_88	lower
GABA-ergic Neuron	Nos1_tdTpositive_cell_2	All
GABA-ergic Neuron	Nos1_tdTpositive_cell_5	All
GABA-ergic Neuron	Nos1_tdTpositive_cell_60	All
GABA-ergic Neuron	Nos1_tdTpositive_cell_69	All
GABA-ergic Neuron	Vip_tdTpositive_cell_10	upper
GABA-ergic Neuron	Vip_tdTpositive_cell_14	upper
GABA-ergic Neuron	Vip_tdTpositive_cell_41	lower
GABA-ergic Neuron	Vip_tdTpositive_cell_54	All
GABA-ergic Neuron	Vip_tdTpositive_cell_55	All
GABA-ergic Neuron	Vip_tdTpositive_cell_56	All
GABA-ergic Neuron	Vip_tdTpositive_cell_58	All
GABA-ergic Neuron	Vip_tdTpositive_cell_59	All
GABA-ergic Neuron	Vip_tdTpositive_cell_61	All
GABA-ergic Neuron	Calb2_tdTpositive_cell_2	All
GABA-ergic Neuron	Calb2_tdTpositive_cell_5	All
GABA-ergic Neuron	Calb2_tdTpositive_cell_15	All
GABA-ergic Neuron	Calb2_tdTpositive_cell_34	upper
GABA-ergic Neuron	Calb2_tdTpositive_cell_38	upper
GABA-ergic Neuron	Calb2_tdTpositive_cell_52	lower
GABA-ergic Neuron	Calb2_tdTpositive_cell_55	lower
GABA-ergic Neuron	Calb2_tdTpositive_cell_56	lower
GABA-ergic Neuron	Calb2_tdTpositive_cell_57	lower
GABA-ergic Neuron	Calb2_tdTpositive_cell_60	lower
GABA-ergic Neuron	Gad2_tdTpositive_cell_21	All
GABA-ergic Neuron	Gad2_tdTpositive_cell_46	All
GABA-ergic Neuron	Htr3a_tdTpositive_cell_6	All
GABA-ergic Neuron	Htr3a_tdTpositive_cell_13	All
GABA-ergic Neuron	Htr3a_tdTpositive_cell_14	All
GABA-ergic Neuron	Htr3a_tdTpositive_cell_23	All
GABA-ergic Neuron	Htr3a_tdTpositive_cell_25	All
GABA-ergic Neuron	Htr3a_tdTpositive_cell_39	All
GABA-ergic Neuron	Htr3a_tdTpositive_cell_47	All
GABA-ergic Neuron	Htr3a_tdTpositive_cell_48	All
GABA-ergic Neuron	Htr3a_tdTpositive_cell_54	upper
GABA-ergic Neuron	Htr3a_tdTpositive_cell_62	upper
GABA-ergic Neuron	Htr3a_tdTpositive_cell_63	upper
GABA-ergic Neuron	Htr3a_tdTpositive_cell_65	upper
GABA-ergic Neuron	Htr3a_tdTpositive_cell_66	upper
GABA-ergic Neuron	Htr3a_tdTpositive_cell_68	upper
GABA-ergic Neuron	Htr3a_tdTpositive_cell_69	upper
GABA-ergic Neuron	Htr3a_tdTpositive_cell_74	lower
GABA-ergic Neuron	Nos1_tdTpositive_cell_3	All
GABA-ergic Neuron	Vip_tdTpositive_cell_1	upper
GABA-ergic Neuron	Vip_tdTpositive_cell_4	upper
GABA-ergic Neuron	Vip_tdTpositive_cell_5	upper
GABA-ergic Neuron	Vip_tdTpositive_cell_6	upper
GABA-ergic Neuron	Vip_tdTpositive_cell_8	upper
GABA-ergic Neuron	Vip_tdTpositive_cell_11	upper
GABA-ergic Neuron	Vip_tdTpositive_cell_12	upper
GABA-ergic Neuron	Vip_tdTpositive_cell_16	upper
GABA-ergic Neuron	Vip_tdTpositive_cell_30	lower
GABA-ergic Neuron	Vip_tdTpositive_cell_53	All
GABA-ergic Neuron	Vip_tdTpositive_cell_60	All
GABA-ergic Neuron	Vip_tdTpositive_cell_62	All
GABA-ergic Neuron	Vip_tdTpositive_cell_63	All
GABA-ergic Neuron	Vip_tdTpositive_cell_64	All
GABA-ergic Neuron	Vip_tdTpositive_cell_66	All
GABA-ergic Neuron	Vip_tdTpositive_cell_68	All
GABA-ergic Neuron	Calb2_tdTpositive_cell_17	All
GABA-ergic Neuron	Calb2_tdTpositive_cell_20	All
GABA-ergic Neuron	Calb2_tdTpositive_cell_29	All
GABA-ergic Neuron	Chrna2_tdTpositive_cell_1	L6
GABA-ergic Neuron	Chrna2_tdTpositive_cell_8	L6
GABA-ergic Neuron	Chrna2_tdTpositive_cell_71	All
GABA-ergic Neuron	Chrna2_tdTpositive_cell_81	All
GABA-ergic Neuron	Gad2_tdTpositive_cell_10	All
GABA-ergic Neuron	Gad2_tdTpositive_cell_33	All
GABA-ergic Neuron	Gad2_tdTpositive_cell_45	All
GABA-ergic Neuron	Gad2_tdTpositive_cell_52	All
GABA-ergic Neuron	Gad2_tdTpositive_cell_63	All
GABA-ergic Neuron	Htr3a_tdTpositive_cell_3	All
GABA-ergic Neuron	Htr3a_tdTpositive_cell_73	lower
GABA-ergic Neuron	Htr3a_tdTpositive_cell_75	lower
GABA-ergic Neuron	Htr3a_tdTpositive_cell_77	lower
GABA-ergic Neuron	Htr3a_tdTpositive_cell_80	lower
GABA-ergic Neuron	Htr3a_tdTpositive_cell_92	lower
GABA-ergic Neuron	Htr3a_tdTpositive_cell_102	L6b
GABA-ergic Neuron	Ntsr1_tdTnegative_cell_55	L6
GABA-ergic Neuron	Vip_tdTpositive_cell_18	upper
GABA-ergic Neuron	Vip_tdTpositive_cell_22	upper
GABA-ergic Neuron	Vip_tdTpositive_cell_24	lower
GABA-ergic Neuron	Vip_tdTpositive_cell_25	lower
GABA-ergic Neuron	Vip_tdTpositive_cell_26	lower
GABA-ergic Neuron	Vip_tdTpositive_cell_27	lower
GABA-ergic Neuron	Vip_tdTpositive_cell_28	lower
GABA-ergic Neuron	Vip_tdTpositive_cell_29	lower
GABA-ergic Neuron	Vip_tdTpositive_cell_31	lower
GABA-ergic Neuron	Vip_tdTpositive_cell_32	lower
GABA-ergic Neuron	Vip_tdTpositive_cell_33	lower
GABA-ergic Neuron	Vip_tdTpositive_cell_34	lower
GABA-ergic Neuron	Vip_tdTpositive_cell_35	lower
GABA-ergic Neuron	Vip_tdTpositive_cell_36	lower
GABA-ergic Neuron	Vip_tdTpositive_cell_37	lower
GABA-ergic Neuron	Vip_tdTpositive_cell_38	lower
GABA-ergic Neuron	Vip_tdTpositive_cell_39	lower
GABA-ergic Neuron	Vip_tdTpositive_cell_40	lower
GABA-ergic Neuron	Vip_tdTpositive_cell_42	lower
GABA-ergic Neuron	Vip_tdTpositive_cell_43	lower
GABA-ergic Neuron	Vip_tdTpositive_cell_44	lower
GABA-ergic Neuron	Vip_tdTpositive_cell_45	lower
GABA-ergic Neuron	Vip_tdTpositive_cell_46	lower
GABA-ergic Neuron	Vip_tdTpositive_cell_47	lower
GABA-ergic Neuron	Vip_tdTpositive_cell_48	lower
GABA-ergic Neuron	Vip_tdTpositive_cell_49	lower
GABA-ergic Neuron	Vip_tdTpositive_cell_50	lower
GABA-ergic Neuron	Vip_tdTpositive_cell_51	lower
GABA-ergic Neuron	Vip_tdTpositive_cell_52	lower
GABA-ergic Neuron	Vip_tdTpositive_cell_67	All
GABA-ergic Neuron	Calb2_tdTpositive_cell_1	All
GABA-ergic Neuron	Calb2_tdTpositive_cell_24	All
GABA-ergic Neuron	Calb2_tdTpositive_cell_37	upper
GABA-ergic Neuron	Calb2_tdTpositive_cell_40	upper
GABA-ergic Neuron	Calb2_tdTpositive_cell_43	upper
GABA-ergic Neuron	Calb2_tdTpositive_cell_54	lower
GABA-ergic Neuron	Calb2_tdTpositive_cell_59	lower
GABA-ergic Neuron	Gad2_tdTpositive_cell_15	All
GABA-ergic Neuron	Gad2_tdTpositive_cell_34	All
GABA-ergic Neuron	Htr3a_tdTpositive_cell_21	All
GABA-ergic Neuron	Htr3a_tdTpositive_cell_27	All
GABA-ergic Neuron	Htr3a_tdTpositive_cell_34	All
GABA-ergic Neuron	Htr3a_tdTpositive_cell_41	All
GABA-ergic Neuron	Htr3a_tdTpositive_cell_42	All
GABA-ergic Neuron	Htr3a_tdTpositive_cell_45	All
GABA-ergic Neuron	Htr3a_tdTpositive_cell_50	upper
GABA-ergic Neuron	Htr3a_tdTpositive_cell_52	upper
GABA-ergic Neuron	Htr3a_tdTpositive_cell_56	upper
GABA-ergic Neuron	Htr3a_tdTpositive_cell_67	upper
GABA-ergic Neuron	Htr3a_tdTpositive_cell_76	lower
GABA-ergic Neuron	PvalbD-Slc32a1_tdTpositive_cell_15	All
GABA-ergic Neuron	Vip_tdTpositive_cell_7	upper
GABA-ergic Neuron	Vip_tdTpositive_cell_9	upper
GABA-ergic Neuron	Vip_tdTpositive_cell_13	upper
GABA-ergic Neuron	Vip_tdTpositive_cell_19	upper
GABA-ergic Neuron	Vip_tdTpositive_cell_20	upper
GABA-ergic Neuron	Vip_tdTpositive_cell_21	upper
GABA-ergic Neuron	Vip_tdTpositive_cell_57	All
GABA-ergic Neuron	Vip_tdTpositive_cell_65	All
GABA-ergic Neuron	Calb2_tdTpositive_cell_22	All
GABA-ergic Neuron	Chrna2_tdTpositive_cell_61	All
GABA-ergic Neuron	Gad2_tdTpositive_cell_1	All
GABA-ergic Neuron	Gad2_tdTpositive_cell_22	All
GABA-ergic Neuron	Gad2_tdTpositive_cell_70	All
GABA-ergic Neuron	Htr3a_tdTpositive_cell_29	All
GABA-ergic Neuron	Htr3a_tdTpositive_cell_36	All
GABA-ergic Neuron	Htr3a_tdTpositive_cell_49	upper
GABA-ergic Neuron	Htr3a_tdTpositive_cell_103	L6b
GABA-ergic Neuron	Vip_tdTpositive_cell_2	upper
GABA-ergic Neuron	Vip_tdTpositive_cell_3	upper
GABA-ergic Neuron	Vip_tdTpositive_cell_15	upper
GABA-ergic Neuron	Vip_tdTpositive_cell_17	upper
GABA-ergic Neuron	Vip_tdTpositive_cell_23	lower
